text,vader,roberta
im gay,"{'neg': 0.0, 'neu': 1.0, 'pos': 0.0, 'compound': 0.0}",[0.81496274 0.16233492 0.02270241]
chicken thigh or breast,"{'neg': 0.0, 'neu': 1.0, 'pos': 0.0, 'compound': 0.0}",[0.1592089  0.76431054 0.0764805 ]
clogs the arteries over time,"{'neg': 0.0, 'neu': 1.0, 'pos': 0.0, 'compound': 0.0}",[0.5641648  0.41163233 0.02420286]
shaquille oneal is a dubstep dj,"{'neg': 0.0, 'neu': 1.0, 'pos': 0.0, 'compound': 0.0}",[0.05745054 0.89610785 0.04644163]
red meat is good,"{'neg': 0.0, 'neu': 0.508, 'pos': 0.492, 'compound': 0.4404}",[0.00410309 0.05260199 0.94329494]
yooooo legend how u doing,"{'neg': 0.0, 'neu': 1.0, 'pos': 0.0, 'compound': 0.0}",[0.01816292 0.59198636 0.38985068]
bowling stream this week penguinz,"{'neg': 0.0, 'neu': 1.0, 'pos': 0.0, 'compound': 0.0}",[0.00712585 0.8191498  0.1737244 ]
can you watch okis weird storys please   its be super nice,"{'neg': 0.096, 'neu': 0.395, 'pos': 0.508, 'compound': 0.8074}",[0.00583645 0.05795635 0.9362072 ]
did you see the news about the missouri mom putting her baby in an oven,"{'neg': 0.0, 'neu': 1.0, 'pos': 0.0, 'compound': 0.0}",[0.66767615 0.32581294 0.00651087]
sup charlie,"{'neg': 0.0, 'neu': 1.0, 'pos': 0.0, 'compound': 0.0}",[0.14289379 0.69919163 0.15791456]
im loosing myself im not sure how much longer i can continue down a path of dissao,"{'neg': 0.123, 'neu': 0.877, 'pos': 0.0, 'compound': -0.2411}",[0.9453591  0.05085871 0.00378213]
are you gonna actually do anything,"{'neg': 0.0, 'neu': 1.0, 'pos': 0.0, 'compound': 0.0}",[0.32991758 0.64310133 0.02698112]
devin booker,"{'neg': 0.0, 'neu': 1.0, 'pos': 0.0, 'compound': 0.0}",[0.09118531 0.79614794 0.1126667 ]
have you ever  crash bandicoot,"{'neg': 0.403, 'neu': 0.597, 'pos': 0.0, 'compound': -0.4019}",[0.13885511 0.7876161  0.07352878]
supererrrrrr rigged,"{'neg': 0.714, 'neu': 0.286, 'pos': 0.0, 'compound': -0.3612}",[0.5276053  0.43626955 0.03612521]
play dark souls,"{'neg': 0.0, 'neu': 0.455, 'pos': 0.545, 'compound': 0.34}",[0.07839188 0.8035162  0.11809193]
did you see the hhvaush horse stuff,"{'neg': 0.0, 'neu': 1.0, 'pos': 0.0, 'compound': 0.0}",[0.10563786 0.85976964 0.03459254]
penguinz did you watch wwe press conference,"{'neg': 0.0, 'neu': 1.0, 'pos': 0.0, 'compound': 0.0}",[0.05228064 0.9088853  0.03883409]
look up mr hands,"{'neg': 0.0, 'neu': 1.0, 'pos': 0.0, 'compound': 0.0}",[0.12908305 0.765858   0.10505901]
didnt watch stupid human faulty body landed me in the er,"{'neg': 0.163, 'neu': 0.639, 'pos': 0.197, 'compound': 0.122}",[0.9773456  0.02033812 0.00231636]
can you do a moist meter for lies of p,"{'neg': 0.286, 'neu': 0.714, 'pos': 0.0, 'compound': -0.4215}",[0.17673573 0.79194826 0.03131605]
tata byyo,"{'neg': 0.0, 'neu': 1.0, 'pos': 0.0, 'compound': 0.0}",[0.17990719 0.6350199  0.18507293]
yoo wsg penguin,"{'neg': 0.0, 'neu': 1.0, 'pos': 0.0, 'compound': 0.0}",[0.02391624 0.73513114 0.24095258]
do a backflip,"{'neg': 0.0, 'neu': 1.0, 'pos': 0.0, 'compound': 0.0}",[0.11458894 0.7295804  0.15583064]
have u heard about helldivers,"{'neg': 0.0, 'neu': 1.0, 'pos': 0.0, 'compound': 0.0}",[0.18454467 0.7771787  0.03827665]
are you watching frieren beyond journeys end,"{'neg': 0.0, 'neu': 1.0, 'pos': 0.0, 'compound': 0.0}",[0.06888004 0.8913102  0.03980973]
penguinz did you watch wwe press conference,"{'neg': 0.0, 'neu': 1.0, 'pos': 0.0, 'compound': 0.0}",[0.05228064 0.9088853  0.03883409]
k would change my life,"{'neg': 0.0, 'neu': 1.0, 'pos': 0.0, 'compound': 0.0}",[0.11587914 0.5306916  0.35342923]
thoughts on halftime show,"{'neg': 0.0, 'neu': 1.0, 'pos': 0.0, 'compound': 0.0}",[0.03815454 0.89816415 0.06368127]
why am i still getting ads mid stream if im subbed,"{'neg': 0.0, 'neu': 1.0, 'pos': 0.0, 'compound': 0.0}",[0.7693598  0.22181813 0.00882202]
charlie will you do a moist meter on persona  reloaded,"{'neg': 0.0, 'neu': 1.0, 'pos': 0.0, 'compound': 0.0}",[0.0319952  0.9193625  0.04864236]
what did you think about the super bowl commercials,"{'neg': 0.0, 'neu': 0.672, 'pos': 0.328, 'compound': 0.5994}",[0.11282718 0.84306425 0.04410863]
caught up on skibidi toilet lore,"{'neg': 0.0, 'neu': 1.0, 'pos': 0.0, 'compound': 0.0}",[0.14575924 0.76535267 0.08888804]
tell the moist gang i love them and good luck with ur next banger vid i love them,"{'neg': 0.0, 'neu': 0.456, 'pos': 0.544, 'compound': 0.936}",[0.00225551 0.0101775  0.98756695]
yeah what happened to claw machine i think i missed out some news,"{'neg': 0.164, 'neu': 0.672, 'pos': 0.164, 'compound': 0.0}",[0.6277887  0.35518852 0.01702275]
charlie you need to take a dive into cobrajfss mead making,"{'neg': 0.0, 'neu': 1.0, 'pos': 0.0, 'compound': 0.0}",[0.07740287 0.8693459  0.0532512 ]
hanforth council is the one where jackie weaver does a council coup lol,"{'neg': 0.0, 'neu': 0.797, 'pos': 0.203, 'compound': 0.4215}",[0.08676477 0.779762   0.1334732 ]
play dark souls,"{'neg': 0.0, 'neu': 0.455, 'pos': 0.545, 'compound': 0.34}",[0.07839188 0.8035162  0.11809193]
fruit juice tier list fruit juice tier list fruit juice tier list fruit juice tier list fruit juice tier list fruit juice tier list fruit juice tier list fruit juice tier list fruit juice tier list,"{'neg': 0.0, 'neu': 1.0, 'pos': 0.0, 'compound': 0.0}",[0.10807507 0.8291158  0.06280921]
watch deadpool trailer pleease,"{'neg': 0.0, 'neu': 1.0, 'pos': 0.0, 'compound': 0.0}",[0.02711469 0.6781847  0.29470068]
penguinz did you watch wwe press conference,"{'neg': 0.0, 'neu': 1.0, 'pos': 0.0, 'compound': 0.0}",[0.05228064 0.9088853  0.03883409]
super bowling,"{'neg': 0.0, 'neu': 0.204, 'pos': 0.796, 'compound': 0.5994}",[0.03911139 0.7636279  0.1972607 ]
did you see the hhvaush horse stuff,"{'neg': 0.0, 'neu': 1.0, 'pos': 0.0, 'compound': 0.0}",[0.10563786 0.85976964 0.03459254]
i thought u were hyped abt the new release,"{'neg': 0.0, 'neu': 1.0, 'pos': 0.0, 'compound': 0.0}",[0.11001299 0.7555215  0.13446552]
i bet youd find fear and hunger interesting,"{'neg': 0.437, 'neu': 0.336, 'pos': 0.227, 'compound': -0.3612}",[0.15265676 0.5409946  0.30634868]
we buy chicken at the store what,"{'neg': 0.0, 'neu': 1.0, 'pos': 0.0, 'compound': 0.0}",[0.25993168 0.707886   0.03218235]
im getting a motorcycle im happy,"{'neg': 0.0, 'neu': 0.519, 'pos': 0.481, 'compound': 0.5719}",[0.00200404 0.03492953 0.9630664 ]
what about basketball,"{'neg': 0.0, 'neu': 1.0, 'pos': 0.0, 'compound': 0.0}",[0.12714486 0.7995085  0.0733466 ]
u bowl,"{'neg': 0.0, 'neu': 1.0, 'pos': 0.0, 'compound': 0.0}",[0.25480378 0.6117704  0.13342582]
if i wanna bulk eat red meat and cooked vegetables,"{'neg': 0.0, 'neu': 1.0, 'pos': 0.0, 'compound': 0.0}",[0.06204903 0.8243104  0.11364054]
have you seen satire of justin bieber,"{'neg': 0.0, 'neu': 1.0, 'pos': 0.0, 'compound': 0.0}",[0.09036575 0.8400167  0.06961754]
the chiefs dude who slapped a ers player and earned his team a penalty,"{'neg': 0.214, 'neu': 0.786, 'pos': 0.0, 'compound': -0.4588}",[0.8635414  0.13113521 0.00532332]
how do u feel about the gamertag astralfrostbitedemondeity,"{'neg': 0.0, 'neu': 1.0, 'pos': 0.0, 'compound': 0.0}",[0.09614418 0.8658066  0.03804916]
is helldivers  worth it,"{'neg': 0.0, 'neu': 0.612, 'pos': 0.388, 'compound': 0.2263}",[0.06775554 0.5627334  0.369511  ]
bowling for soup,"{'neg': 0.0, 'neu': 1.0, 'pos': 0.0, 'compound': 0.0}",[0.09110644 0.8299629  0.07893058]
helldivers,"{'neg': 0.0, 'neu': 1.0, 'pos': 0.0, 'compound': 0.0}",[0.20331848 0.6664418  0.13023973]
did usher make a gojo reference at halftime,"{'neg': 0.0, 'neu': 1.0, 'pos': 0.0, 'compound': 0.0}",[0.06945992 0.8864488  0.04409126]
what did you think about the super bowl commercials,"{'neg': 0.0, 'neu': 0.672, 'pos': 0.328, 'compound': 0.5994}",[0.11282718 0.84306425 0.04410863]
have you seen somethingaboutchickens new video,"{'neg': 0.0, 'neu': 1.0, 'pos': 0.0, 'compound': 0.0}",[0.05680593 0.90810066 0.0350934 ]
is it true youre going to build a bowling alley in the hq,"{'neg': 0.0, 'neu': 0.797, 'pos': 0.203, 'compound': 0.4215}",[0.01851816 0.9216866  0.05979514]
going to sleep night charlie,"{'neg': 0.0, 'neu': 1.0, 'pos': 0.0, 'compound': 0.0}",[0.06948023 0.81965446 0.11086531]
just buy a bowling ball and pins,"{'neg': 0.0, 'neu': 1.0, 'pos': 0.0, 'compound': 0.0}",[0.07945138 0.8417598  0.07878878]
i love you charlie,"{'neg': 0.0, 'neu': 0.323, 'pos': 0.677, 'compound': 0.6369}",[0.00383413 0.02401744 0.9721485 ]
didnt you watch the spongwbob half time,"{'neg': 0.0, 'neu': 1.0, 'pos': 0.0, 'compound': 0.0}",[0.19408536 0.76486754 0.04104711]
as a tampa legend why wasnt mrcritikal asked to be in gta  since its in florida,"{'neg': 0.0, 'neu': 1.0, 'pos': 0.0, 'compound': 0.0}",[0.2262482  0.73830706 0.03544475]
you gotta do a backflip,"{'neg': 0.0, 'neu': 1.0, 'pos': 0.0, 'compound': 0.0}",[0.1669638  0.7450029  0.08803328]
can you rent a trash truck for a day,"{'neg': 0.0, 'neu': 1.0, 'pos': 0.0, 'compound': 0.0}",[0.3810976  0.5861439  0.03275853]
fruit juice tier list fruit juice tier list fruit juice tier list fruit juice tier list fruit juice tier list fruit juice tier list fruit juice tier list fruit juice tier list fruit juice tier list,"{'neg': 0.0, 'neu': 1.0, 'pos': 0.0, 'compound': 0.0}",[0.10807507 0.8291158  0.06280921]
look up mike spark,"{'neg': 0.0, 'neu': 0.612, 'pos': 0.388, 'compound': 0.2263}",[0.05596165 0.8099652  0.13407312]
favorite home made meal,"{'neg': 0.0, 'neu': 0.5, 'pos': 0.5, 'compound': 0.4588}",[0.00236749 0.09724964 0.9003829 ]
crash twinsanity ost slaps,"{'neg': 0.474, 'neu': 0.526, 'pos': 0.0, 'compound': -0.4019}",[0.13784057 0.58295685 0.27920264]
cancer sucks tho dude just found out thats wat my mom died from liver cancer that lead to serosis,"{'neg': 0.498, 'neu': 0.502, 'pos': 0.0, 'compound': -0.9423}",[0.97630346 0.02143013 0.00226644]
when are you gonna ball vs the yard boys,"{'neg': 0.0, 'neu': 1.0, 'pos': 0.0, 'compound': 0.0}",[0.03752206 0.9137498  0.04872814]
watching you for school rn,"{'neg': 0.0, 'neu': 1.0, 'pos': 0.0, 'compound': 0.0}",[0.10749152 0.8457601  0.04674834]
penguinz did you watch wwe press conference,"{'neg': 0.0, 'neu': 1.0, 'pos': 0.0, 'compound': 0.0}",[0.05228064 0.9088853  0.03883409]
overwatch is bs bru,"{'neg': 0.0, 'neu': 1.0, 'pos': 0.0, 'compound': 0.0}",[0.9200635  0.07051802 0.00941849]
please do another mini golf tournament,"{'neg': 0.0, 'neu': 0.685, 'pos': 0.315, 'compound': 0.3182}",[0.01661724 0.6901066  0.2932762 ]
you see andrew callaghan got arrested,"{'neg': 0.383, 'neu': 0.617, 'pos': 0.0, 'compound': -0.4767}",[0.45923334 0.52373284 0.01703385]
hey charlie did you get a chance to see my tweet about making you a custom gundam,"{'neg': 0.0, 'neu': 0.875, 'pos': 0.125, 'compound': 0.25}",[0.03075661 0.89433134 0.07491209]
you watch the game,"{'neg': 0.0, 'neu': 1.0, 'pos': 0.0, 'compound': 0.0}",[0.15956725 0.7214139  0.11901879]
helldivers,"{'neg': 0.0, 'neu': 1.0, 'pos': 0.0, 'compound': 0.0}",[0.20331848 0.6664418  0.13023973]
chiefs won,"{'neg': 0.0, 'neu': 0.213, 'pos': 0.787, 'compound': 0.5719}",[0.02311185 0.50827396 0.46861416]
deadpool,"{'neg': 0.0, 'neu': 1.0, 'pos': 0.0, 'compound': 0.0}",[0.22613917 0.6248821  0.14897871]
devin booker,"{'neg': 0.0, 'neu': 1.0, 'pos': 0.0, 'compound': 0.0}",[0.09118531 0.79614794 0.1126667 ]
did you see the hhvaush horse stuff,"{'neg': 0.0, 'neu': 1.0, 'pos': 0.0, 'compound': 0.0}",[0.10563786 0.85976964 0.03459254]
play dark souls,"{'neg': 0.0, 'neu': 0.455, 'pos': 0.545, 'compound': 0.34}",[0.07839188 0.8035162  0.11809193]
what did you think about the super bowl commercials,"{'neg': 0.0, 'neu': 0.672, 'pos': 0.328, 'compound': 0.5994}",[0.11282718 0.84306425 0.04410863]
more food dip reviews you still do them,"{'neg': 0.0, 'neu': 1.0, 'pos': 0.0, 'compound': 0.0}",[0.41447493 0.54680467 0.03872038]
mint mobile should i make the switch,"{'neg': 0.0, 'neu': 1.0, 'pos': 0.0, 'compound': 0.0}",[0.04733015 0.88576955 0.06690028]
handforth is different,"{'neg': 0.0, 'neu': 1.0, 'pos': 0.0, 'compound': 0.0}",[0.15744324 0.73846966 0.10408705]
mr penguin have you thought about making a comic book god tweet,"{'neg': 0.0, 'neu': 0.826, 'pos': 0.174, 'compound': 0.2732}",[0.04397594 0.85629416 0.09972996]
the halftime was mid,"{'neg': 0.0, 'neu': 1.0, 'pos': 0.0, 'compound': 0.0}",[0.7060277  0.27227896 0.02169326]
or just eat taco bell idgaf,"{'neg': 0.0, 'neu': 1.0, 'pos': 0.0, 'compound': 0.0}",[0.1964625  0.6737707  0.12976675]
hey charlie did you get a chance to see my tweet about making you a custom gundam,"{'neg': 0.0, 'neu': 0.875, 'pos': 0.125, 'compound': 0.25}",[0.03075661 0.89433134 0.07491209]
penguinz did you watch wwe press conference,"{'neg': 0.0, 'neu': 1.0, 'pos': 0.0, 'compound': 0.0}",[0.05228064 0.9088853  0.03883409]
charlie doesnt deserve this lifestyle and i hate how all my labor was for nothing and my reward to is watch people like this live how i should be living life is so unfair and uncaring good night,"{'neg': 0.227, 'neu': 0.658, 'pos': 0.115, 'compound': -0.7422}",[0.9832486  0.01462646 0.00212493]
have you seen an alligator snapping turtle,"{'neg': 0.0, 'neu': 1.0, 'pos': 0.0, 'compound': 0.0}",[0.0680143  0.8767585  0.05522716]
why am i still getting ads mid stream if im subbed,"{'neg': 0.0, 'neu': 1.0, 'pos': 0.0, 'compound': 0.0}",[0.7693598  0.22181813 0.00882202]
exactly why isnt charlie in gta vi,"{'neg': 0.0, 'neu': 1.0, 'pos': 0.0, 'compound': 0.0}",[0.36675733 0.60212654 0.03111617]
what about an abandoned bowling alley bring your own pins and ball,"{'neg': 0.214, 'neu': 0.786, 'pos': 0.0, 'compound': -0.4588}",[0.16498353 0.78463316 0.05038332]
so the chiefs won,"{'neg': 0.0, 'neu': 0.431, 'pos': 0.569, 'compound': 0.6077}",[0.02066599 0.54734695 0.431987  ]
thoughts on buck shot roulette,"{'neg': 0.0, 'neu': 1.0, 'pos': 0.0, 'compound': 0.0}",[0.08788703 0.8582782  0.05383475]
gm,"{'neg': 0.0, 'neu': 1.0, 'pos': 0.0, 'compound': 0.0}",[0.24646649 0.52049166 0.23304188]
penguinz any update on the gamersupps claw machine,"{'neg': 0.0, 'neu': 1.0, 'pos': 0.0, 'compound': 0.0}",[0.03325756 0.90461403 0.06212837]
whered you get to in one piece,"{'neg': 0.0, 'neu': 1.0, 'pos': 0.0, 'compound': 0.0}",[0.04970978 0.71418667 0.23610353]
what do you think about devin booker,"{'neg': 0.0, 'neu': 1.0, 'pos': 0.0, 'compound': 0.0}",[0.05473259 0.8947098  0.05055757]
charles did you see the alabama cell tower got stolen,"{'neg': 0.262, 'neu': 0.738, 'pos': 0.0, 'compound': -0.4939}",[0.4157311  0.56673217 0.01753667]
do you think black myth wukong is game of the year contender,"{'neg': 0.0, 'neu': 0.88, 'pos': 0.12, 'compound': 0.128}",[0.0458095  0.9056752  0.04851532]
rigging nfl for them swiftards,"{'neg': 0.0, 'neu': 1.0, 'pos': 0.0, 'compound': 0.0}",[0.68945485 0.29265112 0.01789407]
wallis and grommet back at it,"{'neg': 0.0, 'neu': 1.0, 'pos': 0.0, 'compound': 0.0}",[0.02834335 0.8050584  0.16659825]
penguinz did you watch wwe press conference,"{'neg': 0.0, 'neu': 1.0, 'pos': 0.0, 'compound': 0.0}",[0.05228064 0.9088853  0.03883409]
is a iphone  still good in,"{'neg': 0.0, 'neu': 0.58, 'pos': 0.42, 'compound': 0.4404}",[0.00760423 0.15908471 0.833311  ]
fought the new mid level boss in old school runescape scurrious,"{'neg': 0.187, 'neu': 0.813, 'pos': 0.0, 'compound': -0.3182}",[0.09497763 0.82993174 0.07509064]
remember the cheese wheel race,"{'neg': 0.0, 'neu': 1.0, 'pos': 0.0, 'compound': 0.0}",[0.09823252 0.80567986 0.09608764]
alex and james whatt,"{'neg': 0.0, 'neu': 1.0, 'pos': 0.0, 'compound': 0.0}",[0.16145547 0.7876351  0.05090946]
hi,"{'neg': 0.0, 'neu': 1.0, 'pos': 0.0, 'compound': 0.0}",[0.20451176 0.5521486  0.2433397 ]
did you see vitality got their first rlcs loss,"{'neg': 0.198, 'neu': 0.603, 'pos': 0.198, 'compound': 0.0}",[0.44291896 0.53363883 0.0234422 ]
what do you do with the cheese,"{'neg': 0.0, 'neu': 1.0, 'pos': 0.0, 'compound': 0.0}",[0.13337995 0.8243611  0.04225888]
did you see the hhvaush horse stuff,"{'neg': 0.0, 'neu': 1.0, 'pos': 0.0, 'compound': 0.0}",[0.10563786 0.85976964 0.03459254]
penguinz did you watch wwe press conference,"{'neg': 0.0, 'neu': 1.0, 'pos': 0.0, 'compound': 0.0}",[0.05228064 0.9088853  0.03883409]
rats fucking robbed them,"{'neg': 0.0, 'neu': 1.0, 'pos': 0.0, 'compound': 0.0}",[0.96217686 0.03349502 0.00432815]
have you watched ninja kamui,"{'neg': 0.0, 'neu': 1.0, 'pos': 0.0, 'compound': 0.0}",[0.07988708 0.87491566 0.04519722]
you eat it pf course,"{'neg': 0.0, 'neu': 1.0, 'pos': 0.0, 'compound': 0.0}",[0.14382537 0.7293711  0.12680352]
can you do a moist meter for lies of p,"{'neg': 0.286, 'neu': 0.714, 'pos': 0.0, 'compound': -0.4215}",[0.17673573 0.79194826 0.03131605]
did you watch the spongebob halftime,"{'neg': 0.0, 'neu': 1.0, 'pos': 0.0, 'compound': 0.0}",[0.03424776 0.8220262  0.14372602]
your fence is a mouse,"{'neg': 0.0, 'neu': 1.0, 'pos': 0.0, 'compound': 0.0}",[0.52220297 0.44885385 0.02894319]
how did you feel about the half time show i thought it was pretty lack luster and definitely couldnt compare to alot of other ones that have happened in the past  years,"{'neg': 0.064, 'neu': 0.773, 'pos': 0.163, 'compound': 0.5574}",[0.81981766 0.16531403 0.01486833]
we didnt steal it to sell it,"{'neg': 0.0, 'neu': 0.695, 'pos': 0.305, 'compound': 0.3875}",[0.25398913 0.6848822  0.06112863]
yea the cheifs won,"{'neg': 0.0, 'neu': 0.448, 'pos': 0.552, 'compound': 0.5719}",[0.25615677 0.57375485 0.17008832]
youre an expert on heists now damn you got mad skillz bestie,"{'neg': 0.371, 'neu': 0.629, 'pos': 0.0, 'compound': -0.7096}",[0.41376692 0.4731666  0.1130664 ]
phoenix suns,"{'neg': 0.0, 'neu': 1.0, 'pos': 0.0, 'compound': 0.0}",[0.01758732 0.7369488  0.2454638 ]
do you think it was scripted,"{'neg': 0.0, 'neu': 1.0, 'pos': 0.0, 'compound': 0.0}",[0.20272195 0.77281946 0.02445859]
drake curse was broken,"{'neg': 0.767, 'neu': 0.233, 'pos': 0.0, 'compound': -0.765}",[0.13579829 0.734033   0.13016866]
iphone  was never good,"{'neg': 0.445, 'neu': 0.555, 'pos': 0.0, 'compound': -0.3412}",[0.9209572  0.07073075 0.0083121 ]
big gulp,"{'neg': 0.0, 'neu': 1.0, 'pos': 0.0, 'compound': 0.0}",[0.3036377  0.5547265  0.14163582]
geeze how desperate you got to be to steal cheese,"{'neg': 0.407, 'neu': 0.593, 'pos': 0.0, 'compound': -0.6705}",[0.83176833 0.15721278 0.01101898]
have you considered building a bowling alley lane in the warehouse,"{'neg': 0.0, 'neu': 1.0, 'pos': 0.0, 'compound': 0.0}",[0.03874792 0.92049    0.04076206]
did you hear about the helicopter found on mars,"{'neg': 0.0, 'neu': 1.0, 'pos': 0.0, 'compound': 0.0}",[0.12108571 0.8507521  0.02816222]
man i steak sigh,"{'neg': 0.0, 'neu': 0.645, 'pos': 0.355, 'compound': 0.0258}",[0.7172956  0.26083273 0.02187171]
robert mercer yes i was thinking the same lol,"{'neg': 0.0, 'neu': 0.522, 'pos': 0.478, 'compound': 0.6705}",[0.03523854 0.5696719  0.3950896 ]
local reasturants,"{'neg': 0.0, 'neu': 1.0, 'pos': 0.0, 'compound': 0.0}",[0.16324016 0.7483188  0.08844104]
sell it to food trucks,"{'neg': 0.0, 'neu': 1.0, 'pos': 0.0, 'compound': 0.0}",[0.14752382 0.7856395  0.06683657]
sell cheese to me ill eat it,"{'neg': 0.318, 'neu': 0.682, 'pos': 0.0, 'compound': -0.4215}",[0.11729443 0.6997851  0.18292052]
ers real quiet,"{'neg': 0.0, 'neu': 1.0, 'pos': 0.0, 'compound': 0.0}",[0.15968837 0.7357252  0.10458644]
play dark souls,"{'neg': 0.0, 'neu': 0.455, 'pos': 0.545, 'compound': 0.34}",[0.07839188 0.8035162  0.11809193]
are you watching frieren beyond journeys end  really good anime,"{'neg': 0.0, 'neu': 0.738, 'pos': 0.262, 'compound': 0.4927}",[0.00409131 0.07881526 0.91709346]
shwallow,"{'neg': 0.0, 'neu': 1.0, 'pos': 0.0, 'compound': 0.0}",[0.22207011 0.64684147 0.13108842]
id buy that for a dollar,"{'neg': 0.0, 'neu': 1.0, 'pos': 0.0, 'compound': 0.0}",[0.24094523 0.60032624 0.15872854]
alex and james cowcop,"{'neg': 0.0, 'neu': 1.0, 'pos': 0.0, 'compound': 0.0}",[0.09038103 0.8335854  0.07603363]
there is a wasp behind you,"{'neg': 0.0, 'neu': 1.0, 'pos': 0.0, 'compound': 0.0}",[0.23135532 0.7081725  0.06047222]
oh shit we watching the creatures,"{'neg': 0.419, 'neu': 0.581, 'pos': 0.0, 'compound': -0.5574}",[0.5270248  0.43116668 0.04180855]
doritos cool ranch or nacho,"{'neg': 0.0, 'neu': 0.635, 'pos': 0.365, 'compound': 0.3182}",[0.02026809 0.8040545  0.17567737]
r u gonna play more helldivers,"{'neg': 0.0, 'neu': 0.556, 'pos': 0.444, 'compound': 0.34}",[0.07939243 0.8508476  0.06975996]
can you give me a car pls,"{'neg': 0.0, 'neu': 0.794, 'pos': 0.206, 'compound': 0.0772}",[0.06291172 0.65270644 0.28438184]
best supersupps flavor,"{'neg': 0.0, 'neu': 0.323, 'pos': 0.677, 'compound': 0.6369}",[0.01201951 0.41145608 0.57652444]
shwallow butt fucker,"{'neg': 0.683, 'neu': 0.317, 'pos': 0.0, 'compound': -0.6486}",[0.9554674  0.0377542  0.00677847]
did you see the hhvaush horse stuff,"{'neg': 0.0, 'neu': 1.0, 'pos': 0.0, 'compound': 0.0}",[0.10563786 0.85976964 0.03459254]
hee hee kuhmooey,"{'neg': 0.0, 'neu': 1.0, 'pos': 0.0, 'compound': 0.0}",[0.05177714 0.72930795 0.21891491]
hey charlie did you get a chance to see my tweet about making you a custom gundam,"{'neg': 0.0, 'neu': 0.875, 'pos': 0.125, 'compound': 0.25}",[0.03075661 0.89433134 0.07491209]
will you add the new taco bell items on the taco bell tier list when it comes out,"{'neg': 0.0, 'neu': 1.0, 'pos': 0.0, 'compound': 0.0}",[0.00967769 0.9262347  0.06408755]
thinking of cheese makes me feel gassy,"{'neg': 0.0, 'neu': 1.0, 'pos': 0.0, 'compound': 0.0}",[0.8015044  0.17873198 0.01976366]
its so good,"{'neg': 0.0, 'neu': 0.385, 'pos': 0.615, 'compound': 0.4927}",[0.00380147 0.01600524 0.9801933 ]
hope that shit isnt genetic cuzz if it is i could get it,"{'neg': 0.218, 'neu': 0.606, 'pos': 0.176, 'compound': -0.1779}",[0.8456151  0.13668887 0.01769604]
did you see the florida man who just drove his pickup truck into the ocean and when arrested gave a big smile and said not my fault it dont surf as a key wester hes a true floridian,"{'neg': 0.074, 'neu': 0.744, 'pos': 0.181, 'compound': 0.5358}",[0.03130979 0.35912445 0.60956573]
penguinz did you watch the wwe press conference,"{'neg': 0.0, 'neu': 1.0, 'pos': 0.0, 'compound': 0.0}",[0.05020413 0.9115908  0.03820502]
charlie do my homework for me,"{'neg': 0.0, 'neu': 1.0, 'pos': 0.0, 'compound': 0.0}",[0.13317552 0.79619724 0.07062733]
route for your team not your hate,"{'neg': 0.0, 'neu': 0.667, 'pos': 0.333, 'compound': 0.4585}",[0.64381915 0.32790086 0.02827999]
can we peep the trailer,"{'neg': 0.0, 'neu': 1.0, 'pos': 0.0, 'compound': 0.0}",[0.04504588 0.87766117 0.07729289]
what was your super bowl prediction,"{'neg': 0.0, 'neu': 0.562, 'pos': 0.438, 'compound': 0.5994}",[0.06729964 0.87060326 0.06209703]
why is saucesav still getting ads mid stream if he is subbed,"{'neg': 0.0, 'neu': 1.0, 'pos': 0.0, 'compound': 0.0}",[0.47871476 0.50472426 0.01656094]
did you see vitality got their first rlcs loss,"{'neg': 0.198, 'neu': 0.603, 'pos': 0.198, 'compound': 0.0}",[0.44291896 0.53363883 0.0234422 ]
n,"{'neg': 0.0, 'neu': 0.0, 'pos': 0.0, 'compound': 0.0}",[0.24512158 0.53354543 0.221333  ]
deadpool  trailer,"{'neg': 0.0, 'neu': 1.0, 'pos': 0.0, 'compound': 0.0}",[0.08177976 0.80080724 0.11741301]
which nba team you think are going to the finals and which of those teams you think are going to win,"{'neg': 0.0, 'neu': 0.84, 'pos': 0.16, 'compound': 0.5859}",[0.03133201 0.90888196 0.05978602]
rigged nfl,"{'neg': 0.714, 'neu': 0.286, 'pos': 0.0, 'compound': -0.3612}",[0.19452979 0.7232226  0.08224759]
penguinz did you watch the wwe press conference,"{'neg': 0.0, 'neu': 1.0, 'pos': 0.0, 'compound': 0.0}",[0.05020413 0.9115908  0.03820502]
its so good,"{'neg': 0.0, 'neu': 0.385, 'pos': 0.615, 'compound': 0.4927}",[0.00380147 0.01600524 0.9801933 ]
how does the twitchyoutube stream schedule work,"{'neg': 0.0, 'neu': 1.0, 'pos': 0.0, 'compound': 0.0}",[0.10370903 0.8575094  0.03878164]
i,"{'neg': 0.0, 'neu': 0.0, 'pos': 0.0, 'compound': 0.0}",[0.26326516 0.49000213 0.24673274]
l ers,"{'neg': 0.0, 'neu': 1.0, 'pos': 0.0, 'compound': 0.0}",[0.3603918  0.53345543 0.10615272]
just a chill stream tn,"{'neg': 0.0, 'neu': 1.0, 'pos': 0.0, 'compound': 0.0}",[0.01566916 0.66264635 0.32168445]
phoenix suns going to win championship,"{'neg': 0.0, 'neu': 0.374, 'pos': 0.626, 'compound': 0.7717}",[0.00193631 0.15610406 0.84195966]
did you hear about the helicopter found on mars,"{'neg': 0.0, 'neu': 1.0, 'pos': 0.0, 'compound': 0.0}",[0.12108571 0.8507521  0.02816222]
if you want a physical body like charlie eat lean white meat and raw vegetables and do heaps of cardio,"{'neg': 0.0, 'neu': 0.817, 'pos': 0.183, 'compound': 0.4215}",[0.02425364 0.756923   0.21882333]
what if hes just a grower not a shower,"{'neg': 0.0, 'neu': 1.0, 'pos': 0.0, 'compound': 0.0}",[0.24987622 0.71232426 0.03779951]
penguinz did you watch the wwe press conference,"{'neg': 0.0, 'neu': 1.0, 'pos': 0.0, 'compound': 0.0}",[0.05020413 0.9115908  0.03820502]
help charlie ive been jelqed,"{'neg': 0.0, 'neu': 0.597, 'pos': 0.403, 'compound': 0.4019}",[0.39607924 0.5707272  0.03319352]
i feel attacked,"{'neg': 0.75, 'neu': 0.25, 'pos': 0.0, 'compound': -0.4588}",[0.92238206 0.07062083 0.00699705]
did you watch the video of the dude getting pansted by a mustang ina street drift off before everyone ran up to zoom in on his ass,"{'neg': 0.123, 'neu': 0.877, 'pos': 0.0, 'compound': -0.5423}",[0.701482   0.2810855  0.01743251]
you hear about the cheese wheel race in the uk,"{'neg': 0.0, 'neu': 1.0, 'pos': 0.0, 'compound': 0.0}",[0.10958627 0.8517232  0.03869064]
deadpool  trailer,"{'neg': 0.0, 'neu': 1.0, 'pos': 0.0, 'compound': 0.0}",[0.08177976 0.80080724 0.11741301]
did you watch the dead pool trailer,"{'neg': 0.417, 'neu': 0.583, 'pos': 0.0, 'compound': -0.6486}",[0.11850733 0.84486747 0.03662517]
see the deadpool trailer,"{'neg': 0.0, 'neu': 1.0, 'pos': 0.0, 'compound': 0.0}",[0.04831502 0.8739304  0.07775453]
do you think black myth wukong is game of the year contender,"{'neg': 0.0, 'neu': 0.88, 'pos': 0.12, 'compound': 0.128}",[0.0458095  0.9056752  0.04851532]
why is he getting adds when subbed,"{'neg': 0.0, 'neu': 1.0, 'pos': 0.0, 'compound': 0.0}",[0.5537453  0.4300935  0.01616113]
will there be any other songs like skynut,"{'neg': 0.0, 'neu': 0.737, 'pos': 0.263, 'compound': 0.3612}",[0.03211654 0.9174902  0.05039332]
did you see what disney created for vr they made a floor that keeps you walking in place,"{'neg': 0.0, 'neu': 0.889, 'pos': 0.111, 'compound': 0.25}",[0.04246642 0.83155394 0.12597965]
rigging nfl for them swiftards but its as realistic as wwe im not surprised,"{'neg': 0.133, 'neu': 0.867, 'pos': 0.0, 'compound': -0.2498}",[0.16574232 0.6798046  0.15445311]
did you plan on doing a moist meter for lies of p,"{'neg': 0.237, 'neu': 0.763, 'pos': 0.0, 'compound': -0.4215}",[0.17659214 0.7978214  0.02558641]
deadpool,"{'neg': 0.0, 'neu': 1.0, 'pos': 0.0, 'compound': 0.0}",[0.22613917 0.6248821  0.14897871]
how is charlie so hot,"{'neg': 0.0, 'neu': 1.0, 'pos': 0.0, 'compound': 0.0}",[0.03178288 0.15189382 0.81632334]
penguinz did you watch the wwe press conference,"{'neg': 0.0, 'neu': 1.0, 'pos': 0.0, 'compound': 0.0}",[0.05020413 0.9115908  0.03820502]
grower not a shower,"{'neg': 0.0, 'neu': 1.0, 'pos': 0.0, 'compound': 0.0}",[0.26801902 0.651804   0.08017699]
they played well,"{'neg': 0.0, 'neu': 0.182, 'pos': 0.818, 'compound': 0.5423}",[0.00564221 0.10620835 0.88814944]
can we see the trailer for this anime,"{'neg': 0.0, 'neu': 1.0, 'pos': 0.0, 'compound': 0.0}",[0.02438692 0.9121931  0.06341998]
yeah it did and im loving it both sides needed to have a chance,"{'neg': 0.0, 'neu': 0.552, 'pos': 0.448, 'compound': 0.7964}",[0.00384938 0.03283856 0.96331203]
you read about guy who was released and stabbed  people days later,"{'neg': 0.209, 'neu': 0.791, 'pos': 0.0, 'compound': -0.4404}",[0.72449374 0.2669856  0.00852069]
do you wear polarized sunglasses to see crocs,"{'neg': 0.0, 'neu': 1.0, 'pos': 0.0, 'compound': 0.0}",[0.13457268 0.8191647  0.04626253]
lol,"{'neg': 0.0, 'neu': 0.0, 'pos': 1.0, 'compound': 0.4215}",[0.10777361 0.5321322  0.36009416]
one piece update,"{'neg': 0.0, 'neu': 1.0, 'pos': 0.0, 'compound': 0.0}",[0.06650763 0.8343208  0.0991716 ]
the water cold,"{'neg': 0.0, 'neu': 1.0, 'pos': 0.0, 'compound': 0.0}",[0.3522148  0.5673801  0.08040516]
did you see the stuff about ice spice at the super bowl,"{'neg': 0.0, 'neu': 0.738, 'pos': 0.262, 'compound': 0.5994}",[0.0892587  0.86535424 0.0453871 ]
lies,"{'neg': 1.0, 'neu': 0.0, 'pos': 0.0, 'compound': -0.4215}",[0.43088415 0.4347498  0.13436607]
deadpool,"{'neg': 0.0, 'neu': 1.0, 'pos': 0.0, 'compound': 0.0}",[0.22613917 0.6248821  0.14897871]
oof,"{'neg': 0.0, 'neu': 1.0, 'pos': 0.0, 'compound': 0.0}",[0.4973551  0.45469213 0.04795271]
damn,"{'neg': 1.0, 'neu': 0.0, 'pos': 0.0, 'compound': -0.4019}",[0.69406646 0.24222033 0.06371322]
o that guy,"{'neg': 0.0, 'neu': 1.0, 'pos': 0.0, 'compound': 0.0}",[0.45035943 0.4812907  0.06834994]
what up moist critical,"{'neg': 0.434, 'neu': 0.566, 'pos': 0.0, 'compound': -0.3182}",[0.24621019 0.69419533 0.05959444]
recommend any jelqing techniques,"{'neg': 0.0, 'neu': 0.545, 'pos': 0.455, 'compound': 0.3612}",[0.07790535 0.871036   0.05105864]
lies of p speed run when,"{'neg': 0.412, 'neu': 0.588, 'pos': 0.0, 'compound': -0.4215}",[0.09298483 0.84462214 0.06239296]
yikes,"{'neg': 0.0, 'neu': 1.0, 'pos': 0.0, 'compound': 0.0}",[0.7049511  0.25323123 0.04181768]
it was cold,"{'neg': 0.0, 'neu': 1.0, 'pos': 0.0, 'compound': 0.0}",[0.3512596  0.5554382  0.09330226]
hello penguinz how is your night going,"{'neg': 0.0, 'neu': 1.0, 'pos': 0.0, 'compound': 0.0}",[0.01102179 0.5571413  0.4318369 ]
deadpool guys,"{'neg': 0.0, 'neu': 1.0, 'pos': 0.0, 'compound': 0.0}",[0.10911799 0.74827933 0.14260271]
brother had that peter griffin pecker,"{'neg': 0.0, 'neu': 1.0, 'pos': 0.0, 'compound': 0.0}",[0.06596973 0.8023339  0.1316964 ]
penguinz did you watch the wwe press conference,"{'neg': 0.0, 'neu': 1.0, 'pos': 0.0, 'compound': 0.0}",[0.05020413 0.9115908  0.03820502]
please someone with money ask him about the vaush folder leak,"{'neg': 0.175, 'neu': 0.657, 'pos': 0.168, 'compound': -0.0258}",[0.2366075  0.72208905 0.04130344]
lol,"{'neg': 0.0, 'neu': 0.0, 'pos': 1.0, 'compound': 0.4215}",[0.10777361 0.5321322  0.36009416]
snoll pp,"{'neg': 0.0, 'neu': 1.0, 'pos': 0.0, 'compound': 0.0}",[0.19071588 0.64249194 0.16679214]
he was in the pool,"{'neg': 0.0, 'neu': 1.0, 'pos': 0.0, 'compound': 0.0}",[0.094582   0.8062479  0.09917007]
is it weird that i watched the super bowl and like it just feel like watching white static its weird cause like i enjoy a little footy,"{'neg': 0.097, 'neu': 0.486, 'pos': 0.417, 'compound': 0.9042}",[0.21305956 0.4728384  0.31410202]
did u see drakes leaks,"{'neg': 0.0, 'neu': 1.0, 'pos': 0.0, 'compound': 0.0}",[0.10036987 0.8647666  0.03486354]
did you plan on doing a moist meter for lies of p,"{'neg': 0.237, 'neu': 0.763, 'pos': 0.0, 'compound': -0.4215}",[0.17659214 0.7978214  0.02558641]
you see that andrew callaghan got arrested in the new vid,"{'neg': 0.237, 'neu': 0.763, 'pos': 0.0, 'compound': -0.4767}",[0.30168337 0.6759573  0.02235934]
have you considered building a bowling alley lane in the warehouse,"{'neg': 0.0, 'neu': 1.0, 'pos': 0.0, 'compound': 0.0}",[0.03874792 0.92049    0.04076206]
what are your opinions on rise of the ronin it looks too good to be true to me,"{'neg': 0.0, 'neu': 0.737, 'pos': 0.263, 'compound': 0.6908}",[0.04739083 0.39376745 0.55884165]
did you see what disney created for vr they made a floor that keeps you walking in place,"{'neg': 0.0, 'neu': 0.889, 'pos': 0.111, 'compound': 0.25}",[0.04246642 0.83155394 0.12597965]
above avergae thank you very much,"{'neg': 0.0, 'neu': 0.667, 'pos': 0.333, 'compound': 0.3612}",[0.00388228 0.07342183 0.9226958 ]
wdym it was massive,"{'neg': 0.0, 'neu': 1.0, 'pos': 0.0, 'compound': 0.0}",[0.12624793 0.55828565 0.3154664 ]
will u play more helldivers,"{'neg': 0.0, 'neu': 0.556, 'pos': 0.444, 'compound': 0.34}",[0.05755405 0.8710529  0.07139299]
the curse,"{'neg': 0.778, 'neu': 0.222, 'pos': 0.0, 'compound': -0.5423}",[0.4046977  0.5349442  0.06035815]
naw he had that drake dong,"{'neg': 0.0, 'neu': 1.0, 'pos': 0.0, 'compound': 0.0}",[0.0683973 0.8061027 0.1255   ]
epic,"{'neg': 0.0, 'neu': 1.0, 'pos': 0.0, 'compound': 0.0}",[0.35576048 0.5049608  0.13927871]
he was in the pool,"{'neg': 0.0, 'neu': 1.0, 'pos': 0.0, 'compound': 0.0}",[0.094582   0.8062479  0.09917007]
moving screen,"{'neg': 0.0, 'neu': 1.0, 'pos': 0.0, 'compound': 0.0}",[0.16793147 0.71375793 0.11831059]
i know exactly the pose,"{'neg': 0.0, 'neu': 1.0, 'pos': 0.0, 'compound': 0.0}",[0.17206892 0.7042139  0.12371714]
have you ever smoked the zaza,"{'neg': 0.0, 'neu': 1.0, 'pos': 0.0, 'compound': 0.0}",[0.14923042 0.80602795 0.04474164]
the goat,"{'neg': 0.0, 'neu': 1.0, 'pos': 0.0, 'compound': 0.0}",[0.15809041 0.5391177  0.3027919 ]
my heart is so warm,"{'neg': 0.0, 'neu': 0.616, 'pos': 0.384, 'compound': 0.3593}",[0.00221892 0.02026681 0.97751427]
w,"{'neg': 0.0, 'neu': 0.0, 'pos': 0.0, 'compound': 0.0}",[0.25118878 0.5385145  0.21029675]
letsgo,"{'neg': 0.0, 'neu': 1.0, 'pos': 0.0, 'compound': 0.0}",[0.1126317 0.5619269 0.3254414]
nice,"{'neg': 0.0, 'neu': 0.0, 'pos': 1.0, 'compound': 0.4215}",[0.05261007 0.30867028 0.6387197 ]
omegalul,"{'neg': 0.0, 'neu': 1.0, 'pos': 0.0, 'compound': 0.0}",[0.23960617 0.59827083 0.16212298]
good job,"{'neg': 0.0, 'neu': 0.256, 'pos': 0.744, 'compound': 0.4404}",[0.01974045 0.11310147 0.86715806]
shutup lol,"{'neg': 0.0, 'neu': 0.263, 'pos': 0.737, 'compound': 0.4215}",[0.44065753 0.42075625 0.13858618]
good d,"{'neg': 0.0, 'neu': 0.0, 'pos': 1.0, 'compound': 0.4404}",[0.04544572 0.3313529  0.6232014 ]
beast,"{'neg': 0.0, 'neu': 1.0, 'pos': 0.0, 'compound': 0.0}",[0.5062011  0.393827   0.09997192]
hahahahhahahahaha,"{'neg': 0.0, 'neu': 1.0, 'pos': 0.0, 'compound': 0.0}",[0.15729411 0.4951394  0.34756646]
yikes,"{'neg': 0.0, 'neu': 1.0, 'pos': 0.0, 'compound': 0.0}",[0.7049511  0.25323123 0.04181768]
french wall happs,"{'neg': 0.0, 'neu': 1.0, 'pos': 0.0, 'compound': 0.0}",[0.13293374 0.80690104 0.06016514]
lool,"{'neg': 0.0, 'neu': 1.0, 'pos': 0.0, 'compound': 0.0}",[0.2322284  0.47146356 0.2963081 ]
youre not that guy pal,"{'neg': 0.0, 'neu': 1.0, 'pos': 0.0, 'compound': 0.0}",[0.31373048 0.6342583  0.05201123]
oof,"{'neg': 0.0, 'neu': 1.0, 'pos': 0.0, 'compound': 0.0}",[0.4973551  0.45469213 0.04795271]
bruh,"{'neg': 0.0, 'neu': 1.0, 'pos': 0.0, 'compound': 0.0}",[0.20749013 0.58758485 0.20492503]
ez clap,"{'neg': 0.0, 'neu': 0.286, 'pos': 0.714, 'compound': 0.3612}",[0.06350313 0.6620426  0.2744543 ]
dude we need to see you play some ball fr fr,"{'neg': 0.0, 'neu': 0.806, 'pos': 0.194, 'compound': 0.34}",[0.05036868 0.6611036  0.28852773]
hell yeah,"{'neg': 0.676, 'neu': 0.0, 'pos': 0.324, 'compound': -0.5267}",[0.08266621 0.36445203 0.5528817 ]
ez clap,"{'neg': 0.0, 'neu': 0.286, 'pos': 0.714, 'compound': 0.3612}",[0.06350313 0.6620426  0.2744543 ]
gottem kappa,"{'neg': 0.0, 'neu': 1.0, 'pos': 0.0, 'compound': 0.0}",[0.21707325 0.64939654 0.13353017]
omegalul,"{'neg': 0.0, 'neu': 1.0, 'pos': 0.0, 'compound': 0.0}",[0.23960617 0.59827083 0.16212298]
lmao,"{'neg': 0.0, 'neu': 0.0, 'pos': 1.0, 'compound': 0.5994}",[0.25513867 0.443014   0.30184737]
good evening lud,"{'neg': 0.0, 'neu': 0.408, 'pos': 0.592, 'compound': 0.4404}",[0.01519355 0.26843795 0.7163685 ]
you went to the grammys,"{'neg': 0.0, 'neu': 1.0, 'pos': 0.0, 'compound': 0.0}",[0.08128759 0.7416659  0.17704648]
they call me brick cause im bricked,"{'neg': 0.0, 'neu': 1.0, 'pos': 0.0, 'compound': 0.0}",[0.4241557  0.5390243  0.03681996]
lmaoo,"{'neg': 0.0, 'neu': 1.0, 'pos': 0.0, 'compound': 0.0}",[0.28583393 0.44981113 0.26435488]
how tall are u,"{'neg': 0.0, 'neu': 1.0, 'pos': 0.0, 'compound': 0.0}",[0.06933555 0.83240634 0.09825809]
i would not let you in the paint,"{'neg': 0.0, 'neu': 1.0, 'pos': 0.0, 'compound': 0.0}",[0.6171262  0.3613521  0.02152167]
rare w lud moment,"{'neg': 0.0, 'neu': 1.0, 'pos': 0.0, 'compound': 0.0}",[0.07969788 0.8113968  0.10890527]
icant,"{'neg': 0.0, 'neu': 1.0, 'pos': 0.0, 'compound': 0.0}",[0.3150507  0.5536767  0.13127257]
did you have a gun,"{'neg': 0.444, 'neu': 0.556, 'pos': 0.0, 'compound': -0.34}",[0.30213097 0.65045315 0.04741593]
lmao,"{'neg': 0.0, 'neu': 0.0, 'pos': 1.0, 'compound': 0.5994}",[0.25513867 0.443014   0.30184737]
lol,"{'neg': 0.0, 'neu': 0.0, 'pos': 1.0, 'compound': 0.4215}",[0.10777361 0.5321322  0.36009416]
wotttt,"{'neg': 0.0, 'neu': 1.0, 'pos': 0.0, 'compound': 0.0}",[0.2866818  0.57565796 0.13766024]
oof,"{'neg': 0.0, 'neu': 1.0, 'pos': 0.0, 'compound': 0.0}",[0.4973551  0.45469213 0.04795271]
monkaw,"{'neg': 0.0, 'neu': 1.0, 'pos': 0.0, 'compound': 0.0}",[0.21842952 0.5852047  0.19636574]
sounds like fun,"{'neg': 0.0, 'neu': 0.147, 'pos': 0.853, 'compound': 0.7003}",[0.00818961 0.06850217 0.92330825]
bro was blocking celebs,"{'neg': 0.464, 'neu': 0.536, 'pos': 0.0, 'compound': -0.3818}",[0.43601617 0.53912723 0.02485665]
huhh,"{'neg': 0.0, 'neu': 1.0, 'pos': 0.0, 'compound': 0.0}",[0.26091245 0.5805524  0.1585351 ]
ayo what,"{'neg': 0.0, 'neu': 1.0, 'pos': 0.0, 'compound': 0.0}",[0.3257046 0.5578584 0.116437 ]
what lol,"{'neg': 0.0, 'neu': 0.263, 'pos': 0.737, 'compound': 0.4215}",[0.20287465 0.5917283  0.20539702]
omegalul,"{'neg': 0.0, 'neu': 1.0, 'pos': 0.0, 'compound': 0.0}",[0.23960617 0.59827083 0.16212298]
lookup,"{'neg': 0.0, 'neu': 1.0, 'pos': 0.0, 'compound': 0.0}",[0.1244669  0.55693614 0.31859702]
poor qt,"{'neg': 0.525, 'neu': 0.0, 'pos': 0.475, 'compound': -0.0772}",[0.6461036  0.32395676 0.02993955]
pepehands,"{'neg': 0.0, 'neu': 1.0, 'pos': 0.0, 'compound': 0.0}",[0.17441493 0.6721486  0.15343653]
have you seen the chuggaaconroy drama,"{'neg': 0.0, 'neu': 1.0, 'pos': 0.0, 'compound': 0.0}",[0.10087465 0.864423   0.0347024 ]
pain,"{'neg': 1.0, 'neu': 0.0, 'pos': 0.0, 'compound': -0.5106}",[0.41976857 0.5110565  0.06917489]
rather be wet than be shot,"{'neg': 0.0, 'neu': 1.0, 'pos': 0.0, 'compound': 0.0}",[0.5730506  0.40289477 0.02405457]
bg again,"{'neg': 0.0, 'neu': 1.0, 'pos': 0.0, 'compound': 0.0}",[0.26698    0.6007308  0.13228922]
omegalul,"{'neg': 0.0, 'neu': 1.0, 'pos': 0.0, 'compound': 0.0}",[0.23960617 0.59827083 0.16212298]
lmao,"{'neg': 0.0, 'neu': 0.0, 'pos': 1.0, 'compound': 0.5994}",[0.25513867 0.443014   0.30184737]
arent u drenched at this point,"{'neg': 0.0, 'neu': 1.0, 'pos': 0.0, 'compound': 0.0}",[0.3989636  0.5422732  0.05876321]
wetwig,"{'neg': 0.0, 'neu': 1.0, 'pos': 0.0, 'compound': 0.0}",[0.225831   0.5935139  0.18065509]
feelsrainman,"{'neg': 0.0, 'neu': 1.0, 'pos': 0.0, 'compound': 0.0}",[0.24834141 0.66922176 0.08243684]
make up is fiiiiiine,"{'neg': 0.0, 'neu': 1.0, 'pos': 0.0, 'compound': 0.0}",[0.06699947 0.38326058 0.54973996]
lud can box me out,"{'neg': 0.0, 'neu': 1.0, 'pos': 0.0, 'compound': 0.0}",[0.5775044  0.37542424 0.04707137]
lol,"{'neg': 0.0, 'neu': 0.0, 'pos': 1.0, 'compound': 0.4215}",[0.10777361 0.5321322  0.36009416]
w,"{'neg': 0.0, 'neu': 0.0, 'pos': 0.0, 'compound': 0.0}",[0.25118878 0.5385145  0.21029675]
the only time ive ever cut a line is when two people multiplied to like  people through talk to someone you know strat,"{'neg': 0.085, 'neu': 0.813, 'pos': 0.102, 'compound': 0.1027}",[0.4321797  0.5142242  0.05359615]
shlatt wouldnt be allowed,"{'neg': 0.0, 'neu': 1.0, 'pos': 0.0, 'compound': 0.0}",[0.77407694 0.21449673 0.01142631]
were ur socks wet,"{'neg': 0.0, 'neu': 1.0, 'pos': 0.0, 'compound': 0.0}",[0.2021983 0.7322948 0.0655069]
people cutting are cringe,"{'neg': 0.333, 'neu': 0.667, 'pos': 0.0, 'compound': -0.128}",[0.9433778  0.05243333 0.00418887]
batchest,"{'neg': 0.0, 'neu': 1.0, 'pos': 0.0, 'compound': 0.0}",[0.17684402 0.6380809  0.18507504]
man thats lame even for america,"{'neg': 0.359, 'neu': 0.641, 'pos': 0.0, 'compound': -0.4215}",[0.94673103 0.04860243 0.00466651]
dawg why would you ask a streamer that,"{'neg': 0.0, 'neu': 1.0, 'pos': 0.0, 'compound': 0.0}",[0.5731802  0.41169587 0.01512394]
batchest cryptoooooo,"{'neg': 0.0, 'neu': 1.0, 'pos': 0.0, 'compound': 0.0}",[0.19797629 0.7025024  0.09952134]
wow,"{'neg': 0.0, 'neu': 0.0, 'pos': 1.0, 'compound': 0.5859}",[0.08722481 0.54727507 0.36550012]
lol good story telling funny,"{'neg': 0.0, 'neu': 0.189, 'pos': 0.811, 'compound': 0.8225}",[0.00500144 0.06034627 0.93465227]
lookup but rain,"{'neg': 0.0, 'neu': 1.0, 'pos': 0.0, 'compound': 0.0}",[0.36190376 0.5804387  0.05765759]
poggies,"{'neg': 0.0, 'neu': 1.0, 'pos': 0.0, 'compound': 0.0}",[0.5086656  0.39044175 0.10089264]
sweets,"{'neg': 0.0, 'neu': 0.0, 'pos': 1.0, 'compound': 0.4939}",[0.21385945 0.58590406 0.20023644]
drenchedwig,"{'neg': 0.0, 'neu': 1.0, 'pos': 0.0, 'compound': 0.0}",[0.14444381 0.68569887 0.16985732]
wsg,"{'neg': 0.0, 'neu': 1.0, 'pos': 0.0, 'compound': 0.0}",[0.28377852 0.54310125 0.17312026]
batchest,"{'neg': 0.0, 'neu': 1.0, 'pos': 0.0, 'compound': 0.0}",[0.17684402 0.6380809  0.18507504]
qt is such a goat,"{'neg': 0.0, 'neu': 0.517, 'pos': 0.483, 'compound': 0.4215}",[0.9321047  0.05942956 0.00846565]
is everyone wet,"{'neg': 0.0, 'neu': 1.0, 'pos': 0.0, 'compound': 0.0}",[0.16365562 0.7841485  0.05219581]
goated arena,"{'neg': 0.0, 'neu': 1.0, 'pos': 0.0, 'compound': 0.0}",[0.19775799 0.73250955 0.06973243]
ad,"{'neg': 0.0, 'neu': 1.0, 'pos': 0.0, 'compound': 0.0}",[0.3065162  0.47946104 0.21402276]
bg,"{'neg': 0.0, 'neu': 1.0, 'pos': 0.0, 'compound': 0.0}",[0.20465162 0.56003433 0.23531407]
moistwig,"{'neg': 0.0, 'neu': 1.0, 'pos': 0.0, 'compound': 0.0}",[0.2206874  0.6114385  0.16787408]
get a swipe bidet today  httpsswipelive,"{'neg': 0.0, 'neu': 1.0, 'pos': 0.0, 'compound': 0.0}",[0.03502383 0.786607   0.17836912]
goated arena,"{'neg': 0.0, 'neu': 1.0, 'pos': 0.0, 'compound': 0.0}",[0.19775799 0.73250955 0.06973243]
batchest,"{'neg': 0.0, 'neu': 1.0, 'pos': 0.0, 'compound': 0.0}",[0.17684402 0.6380809  0.18507504]
gigachad,"{'neg': 0.0, 'neu': 1.0, 'pos': 0.0, 'compound': 0.0}",[0.21085447 0.5394721  0.24967341]
qt so goated,"{'neg': 0.0, 'neu': 0.417, 'pos': 0.583, 'compound': 0.4215}",[0.79614085 0.18063127 0.02322788]
waffle,"{'neg': 0.0, 'neu': 1.0, 'pos': 0.0, 'compound': 0.0}",[0.22579904 0.63841015 0.13579078]
the crypto name still doesnt sound right,"{'neg': 0.0, 'neu': 1.0, 'pos': 0.0, 'compound': 0.0}",[0.91539896 0.0802842  0.00431684]
richhhh,"{'neg': 0.0, 'neu': 1.0, 'pos': 0.0, 'compound': 0.0}",[0.24165174 0.570787   0.18756129]
oh i thought those were nosebleeds,"{'neg': 0.0, 'neu': 1.0, 'pos': 0.0, 'compound': 0.0}",[0.4539307  0.50480855 0.04126079]
love when he does the youtube hands,"{'neg': 0.0, 'neu': 0.588, 'pos': 0.412, 'compound': 0.6369}",[0.00376525 0.05703141 0.9392033 ]
lolll,"{'neg': 0.0, 'neu': 1.0, 'pos': 0.0, 'compound': 0.0}",[0.2693098  0.45429176 0.27639842]
binoculars,"{'neg': 0.0, 'neu': 1.0, 'pos': 0.0, 'compound': 0.0}",[0.12598486 0.78563476 0.08838043]
thats awesome,"{'neg': 0.0, 'neu': 0.196, 'pos': 0.804, 'compound': 0.6249}",[0.00278784 0.02599441 0.97121775]
if shlatt was there no one wouldve cut,"{'neg': 0.417, 'neu': 0.583, 'pos': 0.0, 'compound': -0.5106}",[0.21909012 0.7392732  0.04163675]
sweets,"{'neg': 0.0, 'neu': 0.0, 'pos': 1.0, 'compound': 0.4939}",[0.21385945 0.58590406 0.20023644]
lulw,"{'neg': 0.0, 'neu': 1.0, 'pos': 0.0, 'compound': 0.0}",[0.25957343 0.5142091  0.22621746]
lmao better seats than the artists,"{'neg': 0.0, 'neu': 0.37, 'pos': 0.63, 'compound': 0.7783}",[0.12329175 0.49984884 0.37685943]
opera glasses ez,"{'neg': 0.0, 'neu': 0.444, 'pos': 0.556, 'compound': 0.3612}",[0.13975239 0.72076523 0.13948235]
omegalul,"{'neg': 0.0, 'neu': 1.0, 'pos': 0.0, 'compound': 0.0}",[0.23960617 0.59827083 0.16212298]
omegalul,"{'neg': 0.0, 'neu': 1.0, 'pos': 0.0, 'compound': 0.0}",[0.23960617 0.59827083 0.16212298]
lmao,"{'neg': 0.0, 'neu': 0.0, 'pos': 1.0, 'compound': 0.5994}",[0.25513867 0.443014   0.30184737]
will neff joined otk,"{'neg': 0.0, 'neu': 1.0, 'pos': 0.0, 'compound': 0.0}",[0.08624356 0.8460261  0.06773037]
lool,"{'neg': 0.0, 'neu': 1.0, 'pos': 0.0, 'compound': 0.0}",[0.2322284  0.47146356 0.2963081 ]
we call it the crypt,"{'neg': 0.0, 'neu': 1.0, 'pos': 0.0, 'compound': 0.0}",[0.09190399 0.8275194  0.08057654]
spoilers,"{'neg': 0.0, 'neu': 1.0, 'pos': 0.0, 'compound': 0.0}",[0.6327518  0.34382972 0.02341853]
oook bro feelsweirdman,"{'neg': 0.0, 'neu': 1.0, 'pos': 0.0, 'compound': 0.0}",[0.3064475  0.63739425 0.05615821]
good shit qt very fancy,"{'neg': 0.319, 'neu': 0.177, 'pos': 0.504, 'compound': 0.2732}",[0.17506434 0.34379286 0.48114285]
lol,"{'neg': 0.0, 'neu': 0.0, 'pos': 1.0, 'compound': 0.4215}",[0.10777361 0.5321322  0.36009416]
at the opera booths,"{'neg': 0.0, 'neu': 1.0, 'pos': 0.0, 'compound': 0.0}",[0.05599187 0.8745881  0.06942005]
so much chat about kilin,"{'neg': 0.0, 'neu': 1.0, 'pos': 0.0, 'compound': 0.0}",[0.10093591 0.8222094  0.07685464]
must be nice,"{'neg': 0.0, 'neu': 0.417, 'pos': 0.583, 'compound': 0.4215}",[0.01576829 0.10927122 0.8749604 ]
e,"{'neg': 0.0, 'neu': 0.0, 'pos': 0.0, 'compound': 0.0}",[0.2385882  0.48602417 0.27538764]
not the opera glasses omegalul,"{'neg': 0.0, 'neu': 1.0, 'pos': 0.0, 'compound': 0.0}",[0.38318822 0.5786618  0.03815001]
bro was watching a play in the victorian era lmao,"{'neg': 0.0, 'neu': 0.526, 'pos': 0.474, 'compound': 0.743}",[0.08741324 0.78415155 0.12843513]
waffle waffle,"{'neg': 0.0, 'neu': 1.0, 'pos': 0.0, 'compound': 0.0}",[0.09991953 0.7292535  0.170827  ]
join the official ludwig discord  httpsdiscordggludwig,"{'neg': 0.303, 'neu': 0.449, 'pos': 0.247, 'compound': -0.128}",[0.0213221  0.8444048  0.13427304]
thats crazy,"{'neg': 0.706, 'neu': 0.294, 'pos': 0.0, 'compound': -0.34}",[0.4525034  0.40460515 0.14289138]
lulw,"{'neg': 0.0, 'neu': 1.0, 'pos': 0.0, 'compound': 0.0}",[0.25957343 0.5142091  0.22621746]
overlooking the poors,"{'neg': 0.0, 'neu': 1.0, 'pos': 0.0, 'compound': 0.0}",[0.48634833 0.47642267 0.03722904]
gigitty gigitty gigitty gigitty,"{'neg': 0.0, 'neu': 1.0, 'pos': 0.0, 'compound': 0.0}",[0.20390894 0.63836354 0.15772752]
grrrr,"{'neg': 0.0, 'neu': 1.0, 'pos': 0.0, 'compound': 0.0}",[0.27572832 0.5513501  0.17292155]
boygenius on top,"{'neg': 0.0, 'neu': 0.526, 'pos': 0.474, 'compound': 0.2023}",[0.02133199 0.41938582 0.55928224]
d,"{'neg': 0.0, 'neu': 0.0, 'pos': 0.0, 'compound': 0.0}",[0.25822246 0.48346505 0.2583125 ]
hi yt,"{'neg': 0.0, 'neu': 1.0, 'pos': 0.0, 'compound': 0.0}",[0.16618116 0.65027386 0.183545  ]
peepogiggles,"{'neg': 0.0, 'neu': 1.0, 'pos': 0.0, 'compound': 0.0}",[0.12969086 0.6200856  0.25022352]
hi yt,"{'neg': 0.0, 'neu': 1.0, 'pos': 0.0, 'compound': 0.0}",[0.16618116 0.65027386 0.183545  ]
was,"{'neg': 0.0, 'neu': 1.0, 'pos': 0.0, 'compound': 0.0}",[0.19467112 0.61165655 0.19367237]
what time about will baldurs gate be released to all,"{'neg': 0.0, 'neu': 1.0, 'pos': 0.0, 'compound': 0.0}",[0.02020015 0.932785   0.04701479]
omg,"{'neg': 0.0, 'neu': 1.0, 'pos': 0.0, 'compound': 0.0}",[0.22924958 0.52865034 0.24210003]
lmao,"{'neg': 0.0, 'neu': 0.0, 'pos': 1.0, 'compound': 0.5994}",[0.25513867 0.443014   0.30184737]
no way,"{'neg': 0.688, 'neu': 0.312, 'pos': 0.0, 'compound': -0.296}",[0.47152835 0.40244675 0.12602495]
hehe haha,"{'neg': 0.0, 'neu': 0.25, 'pos': 0.75, 'compound': 0.4588}",[0.00497482 0.163782   0.8312431 ]
scammed again despairge,"{'neg': 0.0, 'neu': 1.0, 'pos': 0.0, 'compound': 0.0}",[0.7563582  0.23152521 0.01211657]
d,"{'neg': 0.0, 'neu': 0.0, 'pos': 0.0, 'compound': 0.0}",[0.25822246 0.48346505 0.2583125 ]
yeah i have been to that arena the bathrooms are really weird and theyre shapes like fetuses its really peculiar therr also a lot of short people,"{'neg': 0.067, 'neu': 0.71, 'pos': 0.223, 'compound': 0.5574}",[0.89322764 0.09777923 0.00899317]
hi yt,"{'neg': 0.0, 'neu': 1.0, 'pos': 0.0, 'compound': 0.0}",[0.16618116 0.65027386 0.183545  ]
will neff in otk,"{'neg': 0.0, 'neu': 1.0, 'pos': 0.0, 'compound': 0.0}",[0.10716552 0.7858734  0.10696112]
he pretty chill,"{'neg': 0.0, 'neu': 0.385, 'pos': 0.615, 'compound': 0.4939}",[0.0089018 0.1986452 0.792453 ]
lollll,"{'neg': 0.0, 'neu': 1.0, 'pos': 0.0, 'compound': 0.0}",[0.2572243  0.46464258 0.27813312]
ludwig was eepy,"{'neg': 0.0, 'neu': 1.0, 'pos': 0.0, 'compound': 0.0}",[0.28134185 0.6209444  0.09771377]
he sucks,"{'neg': 0.714, 'neu': 0.286, 'pos': 0.0, 'compound': -0.3612}",[0.9621542  0.03256439 0.00528135]
who,"{'neg': 0.0, 'neu': 1.0, 'pos': 0.0, 'compound': 0.0}",[0.23249133 0.60271996 0.1647887 ]
okay im going back to watch doc lol great story lud,"{'neg': 0.0, 'neu': 0.476, 'pos': 0.524, 'compound': 0.8316}",[0.00271691 0.03205752 0.9652255 ]
he was a great host he has a good book too,"{'neg': 0.0, 'neu': 0.5, 'pos': 0.5, 'compound': 0.7906}",[0.00198363 0.01940489 0.9786115 ]
didnt he big time hasan,"{'neg': 0.0, 'neu': 1.0, 'pos': 0.0, 'compound': 0.0}",[0.2006072  0.75831604 0.04107674]
hes a very charming man,"{'neg': 0.0, 'neu': 0.423, 'pos': 0.577, 'compound': 0.624}",[0.00399544 0.04021985 0.95578474]
his monologue was good,"{'neg': 0.0, 'neu': 0.508, 'pos': 0.492, 'compound': 0.4404}",[0.00217735 0.02944272 0.96838   ]
hi yt,"{'neg': 0.0, 'neu': 1.0, 'pos': 0.0, 'compound': 0.0}",[0.16618116 0.65027386 0.183545  ]
trevor noah is great,"{'neg': 0.0, 'neu': 0.423, 'pos': 0.577, 'compound': 0.6249}",[0.00250034 0.01628901 0.9812106 ]
he is so funny,"{'neg': 0.0, 'neu': 0.445, 'pos': 0.555, 'compound': 0.5777}",[0.00325627 0.03007448 0.96666926]
laufey won  lets go,"{'neg': 0.0, 'neu': 0.448, 'pos': 0.552, 'compound': 0.5719}",[0.01358577 0.29986188 0.6865524 ]
will neff joined otk,"{'neg': 0.0, 'neu': 1.0, 'pos': 0.0, 'compound': 0.0}",[0.08624356 0.8460261  0.06773037]
he is oooooh,"{'neg': 0.0, 'neu': 1.0, 'pos': 0.0, 'compound': 0.0}",[0.04184872 0.43380168 0.52434963]
clap,"{'neg': 0.0, 'neu': 1.0, 'pos': 0.0, 'compound': 0.0}",[0.15734856 0.59460074 0.24805076]
who,"{'neg': 0.0, 'neu': 1.0, 'pos': 0.0, 'compound': 0.0}",[0.23249133 0.60271996 0.1647887 ]
he did better this year than last year,"{'neg': 0.0, 'neu': 0.707, 'pos': 0.293, 'compound': 0.4404}",[0.0027294  0.03831641 0.95895416]
ludwig try not to get scammed challange,"{'neg': 0.0, 'neu': 1.0, 'pos': 0.0, 'compound': 0.0}",[0.34700692 0.62662584 0.02636727]
hes so funny,"{'neg': 0.0, 'neu': 0.385, 'pos': 0.615, 'compound': 0.4927}",[0.00794252 0.07289886 0.9191586 ]
hi chat,"{'neg': 0.0, 'neu': 1.0, 'pos': 0.0, 'compound': 0.0}",[0.12673633 0.7007824  0.17248125]
yep trevor is good,"{'neg': 0.0, 'neu': 0.282, 'pos': 0.718, 'compound': 0.6249}",[0.00359893 0.05199951 0.94440156]
oh pog,"{'neg': 0.0, 'neu': 1.0, 'pos': 0.0, 'compound': 0.0}",[0.29933837 0.5377501  0.16291153]
hes pretty funny from what ive seen,"{'neg': 0.0, 'neu': 0.45, 'pos': 0.55, 'compound': 0.7269}",[0.0047255  0.08937502 0.9058995 ]
matter of time before scammed came out,"{'neg': 0.0, 'neu': 0.845, 'pos': 0.155, 'compound': 0.0258}",[0.43021616 0.544199   0.02558482]
pepew,"{'neg': 0.0, 'neu': 1.0, 'pos': 0.0, 'compound': 0.0}",[0.18562227 0.63596725 0.17841049]
s where s are due,"{'neg': 0.0, 'neu': 1.0, 'pos': 0.0, 'compound': 0.0}",[0.19310893 0.721022   0.08586902]
yesyes true,"{'neg': 0.0, 'neu': 0.263, 'pos': 0.737, 'compound': 0.4215}",[0.0189856  0.26377195 0.7172424 ]
def,"{'neg': 0.0, 'neu': 1.0, 'pos': 0.0, 'compound': 0.0}",[0.24594419 0.5369232  0.21713257]
weird will neff spammer i guarantee lud knew months ago,"{'neg': 0.38, 'neu': 0.465, 'pos': 0.155, 'compound': -0.4404}",[0.53574455 0.43745494 0.02680046]
drake,"{'neg': 0.0, 'neu': 1.0, 'pos': 0.0, 'compound': 0.0}",[0.37686536 0.48437154 0.13876307]
omegalullll,"{'neg': 0.0, 'neu': 1.0, 'pos': 0.0, 'compound': 0.0}",[0.2615029  0.5819043  0.15659279]
my mom loves that guy,"{'neg': 0.0, 'neu': 0.519, 'pos': 0.481, 'compound': 0.5719}",[0.00526511 0.02931371 0.96542114]
trevor is op,"{'neg': 0.0, 'neu': 1.0, 'pos': 0.0, 'compound': 0.0}",[0.12786794 0.7178638  0.15426822]
trevor noah is funny af,"{'neg': 0.0, 'neu': 0.58, 'pos': 0.42, 'compound': 0.4404}",[0.00760956 0.08400074 0.9083897 ]
you are very good,"{'neg': 0.0, 'neu': 0.484, 'pos': 0.516, 'compound': 0.4927}",[0.00303171 0.02098744 0.9759808 ]
uhm sure,"{'neg': 0.0, 'neu': 0.303, 'pos': 0.697, 'compound': 0.3182}",[0.14877129 0.63418317 0.2170455 ]
dont care play bg man,"{'neg': 0.609, 'neu': 0.391, 'pos': 0.0, 'compound': -0.5667}",[0.5499455  0.40947068 0.04058377]
he is good,"{'neg': 0.0, 'neu': 0.408, 'pos': 0.592, 'compound': 0.4404}",[0.00357852 0.03618842 0.9602331 ]
yooo,"{'neg': 0.0, 'neu': 1.0, 'pos': 0.0, 'compound': 0.0}",[0.21596709 0.50493413 0.27909878]
he was very charming,"{'neg': 0.0, 'neu': 0.423, 'pos': 0.577, 'compound': 0.624}",[0.00219406 0.01709352 0.9807124 ]
you are a great host,"{'neg': 0.0, 'neu': 0.423, 'pos': 0.577, 'compound': 0.6249}",[0.00347165 0.02656509 0.96996325]
when baulders gate,"{'neg': 0.0, 'neu': 1.0, 'pos': 0.0, 'compound': 0.0}",[0.12344611 0.7766371  0.09991682]
yeah hes really good,"{'neg': 0.0, 'neu': 0.271, 'pos': 0.729, 'compound': 0.659}",[0.00228735 0.02940683 0.9683059 ]
sza robbed,"{'neg': 0.0, 'neu': 1.0, 'pos': 0.0, 'compound': 0.0}",[0.6601369  0.3168539  0.02300926]
you really are old,"{'neg': 0.0, 'neu': 1.0, 'pos': 0.0, 'compound': 0.0}",[0.8236424  0.16186237 0.0144953 ]
true,"{'neg': 0.0, 'neu': 0.0, 'pos': 1.0, 'compound': 0.4215}",[0.09262478 0.50221413 0.4051611 ]
trevor is amazing,"{'neg': 0.0, 'neu': 0.345, 'pos': 0.655, 'compound': 0.5859}",[0.00276619 0.01414884 0.983085  ]
boygenius slayed,"{'neg': 0.0, 'neu': 1.0, 'pos': 0.0, 'compound': 0.0}",[0.18005316 0.50453645 0.31541035]
nah,"{'neg': 1.0, 'neu': 0.0, 'pos': 0.0, 'compound': -0.1027}",[0.3028628 0.5070799 0.1900573]
yesyes good host,"{'neg': 0.0, 'neu': 0.408, 'pos': 0.592, 'compound': 0.4404}",[0.00398785 0.04717242 0.9488398 ]
i love trevor noah,"{'neg': 0.0, 'neu': 0.323, 'pos': 0.677, 'compound': 0.6369}",[0.00354676 0.02706935 0.9693839 ]
true,"{'neg': 0.0, 'neu': 0.0, 'pos': 1.0, 'compound': 0.4215}",[0.09262478 0.50221413 0.4051611 ]
he is very fucking good,"{'neg': 0.0, 'neu': 0.535, 'pos': 0.465, 'compound': 0.5379}",[0.02687062 0.04850662 0.9246228 ]
hiiii ludwiiig and good night ludwiig,"{'neg': 0.0, 'neu': 0.633, 'pos': 0.367, 'compound': 0.4404}",[0.00261578 0.14423996 0.8531442 ]
hi,"{'neg': 0.0, 'neu': 1.0, 'pos': 0.0, 'compound': 0.0}",[0.20451176 0.5521486  0.2433397 ]
hyped for the bg stream,"{'neg': 0.0, 'neu': 1.0, 'pos': 0.0, 'compound': 0.0}",[0.01860969 0.3822361  0.59915423]
hell yeah i love trevor noah,"{'neg': 0.354, 'neu': 0.154, 'pos': 0.492, 'compound': 0.2023}",[0.00264435 0.01989982 0.97745585]
we learnt about him at uni lol,"{'neg': 0.0, 'neu': 0.682, 'pos': 0.318, 'compound': 0.4215}",[0.0353451  0.729833   0.23482187]
yep he was so good,"{'neg': 0.0, 'neu': 0.336, 'pos': 0.664, 'compound': 0.7133}",[0.00211516 0.01183251 0.9860523 ]
w south african,"{'neg': 0.0, 'neu': 1.0, 'pos': 0.0, 'compound': 0.0}",[0.12961674 0.75726116 0.11312211]
trevor is amazing,"{'neg': 0.0, 'neu': 0.345, 'pos': 0.655, 'compound': 0.5859}",[0.00276619 0.01414884 0.983085  ]
love that guy,"{'neg': 0.0, 'neu': 0.323, 'pos': 0.677, 'compound': 0.6369}",[0.01089682 0.03020735 0.95889586]
trevor noah is a great host not my favorite comedian but as a host hes exceptional,"{'neg': 0.197, 'neu': 0.652, 'pos': 0.151, 'compound': 0.0562}",[0.00429863 0.03183139 0.96387   ]
hiiiiiii,"{'neg': 0.0, 'neu': 1.0, 'pos': 0.0, 'compound': 0.0}",[0.16238442 0.58550334 0.25211227]
hiiiii yt,"{'neg': 0.0, 'neu': 1.0, 'pos': 0.0, 'compound': 0.0}",[0.11263645 0.6925136  0.19485   ]
he was polite funny just overall awesome,"{'neg': 0.0, 'neu': 0.417, 'pos': 0.583, 'compound': 0.7906}",[0.00290775 0.02117806 0.9759142 ]
yesyes,"{'neg': 0.0, 'neu': 1.0, 'pos': 0.0, 'compound': 0.0}",[0.05800045 0.31618723 0.6258123 ]
mhm,"{'neg': 0.0, 'neu': 1.0, 'pos': 0.0, 'compound': 0.0}",[0.20856479 0.5853287  0.20610645]
my queen laufey better than trevor noah,"{'neg': 0.0, 'neu': 0.674, 'pos': 0.326, 'compound': 0.4404}",[0.06276707 0.48174956 0.45548338]
its a tough gig too,"{'neg': 0.333, 'neu': 0.667, 'pos': 0.0, 'compound': -0.128}",[0.34894758 0.56074435 0.09030809]
shake it all about,"{'neg': 0.362, 'neu': 0.638, 'pos': 0.0, 'compound': -0.1779}",[0.16296752 0.7540355  0.08299692]
i like him,"{'neg': 0.0, 'neu': 0.286, 'pos': 0.714, 'compound': 0.3612}",[0.0085602  0.11791031 0.87352955]
ok,"{'neg': 0.0, 'neu': 0.0, 'pos': 1.0, 'compound': 0.296}",[0.25796354 0.49621207 0.24582444]
so true,"{'neg': 0.0, 'neu': 0.244, 'pos': 0.756, 'compound': 0.4754}",[0.04365952 0.3652978  0.5910427 ]
w africa lets goooo,"{'neg': 0.0, 'neu': 1.0, 'pos': 0.0, 'compound': 0.0}",[0.0226822 0.5168999 0.4604179]
trevor noah kinda ass,"{'neg': 0.517, 'neu': 0.483, 'pos': 0.0, 'compound': -0.4951}",[0.89250356 0.09789898 0.00959743]
trevor is the best,"{'neg': 0.0, 'neu': 0.417, 'pos': 0.583, 'compound': 0.6369}",[0.00262763 0.01200186 0.9853705 ]
pog,"{'neg': 0.0, 'neu': 1.0, 'pos': 0.0, 'compound': 0.0}",[0.24315101 0.5050141  0.2518349 ]
in out in out shake it all about,"{'neg': 0.195, 'neu': 0.805, 'pos': 0.0, 'compound': -0.1779}",[0.05380158 0.83800167 0.10819682]
sure you are,"{'neg': 0.0, 'neu': 0.465, 'pos': 0.535, 'compound': 0.3182}",[0.11051267 0.5930535  0.2964338 ]
why the fuck was merrel streep or trever noah even there what have they done for music,"{'neg': 0.179, 'neu': 0.821, 'pos': 0.0, 'compound': -0.5423}",[0.9210832  0.07537578 0.00354099]
hi,"{'neg': 0.0, 'neu': 1.0, 'pos': 0.0, 'compound': 0.0}",[0.20451176 0.5521486  0.2433397 ]
pepog,"{'neg': 0.0, 'neu': 1.0, 'pos': 0.0, 'compound': 0.0}",[0.22197014 0.55417013 0.2238597 ]
wooooo south african mentioned,"{'neg': 0.0, 'neu': 1.0, 'pos': 0.0, 'compound': 0.0}",[0.0778786 0.589272  0.3328494]
ice spice was robbed,"{'neg': 0.0, 'neu': 1.0, 'pos': 0.0, 'compound': 0.0}",[0.7447628  0.24066894 0.01456824]
true,"{'neg': 0.0, 'neu': 0.0, 'pos': 1.0, 'compound': 0.4215}",[0.09262478 0.50221413 0.4051611 ]
wow boring,"{'neg': 0.377, 'neu': 0.0, 'pos': 0.623, 'compound': 0.3612}",[0.95776916 0.03724107 0.0049898 ]
sounds fun,"{'neg': 0.0, 'neu': 0.233, 'pos': 0.767, 'compound': 0.5106}",[0.00757318 0.06330255 0.9291243 ]
oh thats cool i guess,"{'neg': 0.0, 'neu': 0.566, 'pos': 0.434, 'compound': 0.3182}",[0.00302943 0.04396731 0.9530032 ]
u saw sza live,"{'neg': 0.0, 'neu': 1.0, 'pos': 0.0, 'compound': 0.0}",[0.03479843 0.8637173  0.10148422]
how was the sound live,"{'neg': 0.0, 'neu': 1.0, 'pos': 0.0, 'compound': 0.0}",[0.09329139 0.7936165  0.11309205]
qlllakakakakskks,"{'neg': 0.0, 'neu': 1.0, 'pos': 0.0, 'compound': 0.0}",[0.21663369 0.67509574 0.10827059]
pooooooog,"{'neg': 0.0, 'neu': 1.0, 'pos': 0.0, 'compound': 0.0}",[0.29700735 0.5259518  0.17704089]
ludwig x sza,"{'neg': 0.0, 'neu': 1.0, 'pos': 0.0, 'compound': 0.0}",[0.08458655 0.7605194  0.15489405]
its a celebration,"{'neg': 0.0, 'neu': 1.0, 'pos': 0.0, 'compound': 0.0}",[0.01041887 0.23437217 0.755209  ]
they really cut down the awards,"{'neg': 0.255, 'neu': 0.426, 'pos': 0.319, 'compound': 0.1548}",[0.7661101  0.2232337  0.01065621]
wooo shout out africa,"{'neg': 0.0, 'neu': 1.0, 'pos': 0.0, 'compound': 0.0}",[0.03451308 0.34824112 0.6172458 ]
did you see jacob collier,"{'neg': 0.0, 'neu': 1.0, 'pos': 0.0, 'compound': 0.0}",[0.05375079 0.88041025 0.06583894]
yesyes,"{'neg': 0.0, 'neu': 1.0, 'pos': 0.0, 'compound': 0.0}",[0.05800045 0.31618723 0.6258123 ]
ludy,"{'neg': 0.0, 'neu': 1.0, 'pos': 0.0, 'compound': 0.0}",[0.22410956 0.55706656 0.21882391]
download the truffle extension get emotes predictions and more here  httpstrufflevipextension,"{'neg': 0.0, 'neu': 1.0, 'pos': 0.0, 'compound': 0.0}",[0.06369623 0.8378689  0.09843491]
oh damn lol,"{'neg': 0.415, 'neu': 0.154, 'pos': 0.431, 'compound': 0.0258}",[0.3696051  0.4821927  0.14820221]
ice spice got robbed,"{'neg': 0.0, 'neu': 1.0, 'pos': 0.0, 'compound': 0.0}",[0.718054   0.26455814 0.01738787]
join the official ludwig discord  httpsdiscordggludwig,"{'neg': 0.303, 'neu': 0.449, 'pos': 0.247, 'compound': -0.128}",[0.0213221  0.8444048  0.13427304]
qt will learn of this,"{'neg': 0.0, 'neu': 0.588, 'pos': 0.412, 'compound': 0.4215}",[0.11315866 0.79220545 0.09463593]
miley cyrus made music dang,"{'neg': 0.0, 'neu': 1.0, 'pos': 0.0, 'compound': 0.0}",[0.09531742 0.64519095 0.25949162]
based,"{'neg': 0.0, 'neu': 1.0, 'pos': 0.0, 'compound': 0.0}",[0.21603832 0.57645446 0.20750716]
clip,"{'neg': 0.0, 'neu': 1.0, 'pos': 0.0, 'compound': 0.0}",[0.284062   0.50834423 0.20759378]
i literally didnt even know taylor released music last year,"{'neg': 0.0, 'neu': 1.0, 'pos': 0.0, 'compound': 0.0}",[0.2523918  0.6242167  0.12339157]
youre sleeping on the couch if you say that out loud,"{'neg': 0.0, 'neu': 1.0, 'pos': 0.0, 'compound': 0.0}",[0.678434   0.30302933 0.01853666]
travis snubbed,"{'neg': 0.75, 'neu': 0.25, 'pos': 0.0, 'compound': -0.4588}",[0.622405   0.35835996 0.01923509]
travis got robbed,"{'neg': 0.0, 'neu': 1.0, 'pos': 0.0, 'compound': 0.0}",[0.80461556 0.18460074 0.01078377]
busssssssssssssssssss,"{'neg': 0.0, 'neu': 1.0, 'pos': 0.0, 'compound': 0.0}",[0.16082999 0.57157266 0.26759738]
pop vocal album,"{'neg': 0.0, 'neu': 1.0, 'pos': 0.0, 'compound': 0.0}",[0.04681006 0.85103124 0.10215871]
call from qt in,"{'neg': 0.0, 'neu': 0.517, 'pos': 0.483, 'compound': 0.4215}",[0.08338896 0.8372205  0.07939053]
youre so real for that,"{'neg': 0.0, 'neu': 1.0, 'pos': 0.0, 'compound': 0.0}",[0.01607791 0.23808022 0.74584186]
scammys are all rigged,"{'neg': 0.455, 'neu': 0.545, 'pos': 0.0, 'compound': -0.3612}",[0.80559546 0.18364821 0.01075632]
gedraag ties vz,"{'neg': 0.0, 'neu': 1.0, 'pos': 0.0, 'compound': 0.0}",[0.15664355 0.72505224 0.11830418]
yipee,"{'neg': 0.0, 'neu': 1.0, 'pos': 0.0, 'compound': 0.0}",[0.14990765 0.5552605  0.29483187]
and lana was snubbed,"{'neg': 0.5, 'neu': 0.5, 'pos': 0.0, 'compound': -0.4588}",[0.64911526 0.33713913 0.01374563]
hmmge,"{'neg': 0.0, 'neu': 1.0, 'pos': 0.0, 'compound': 0.0}",[0.20241566 0.61652225 0.1810621 ]
robbed,"{'neg': 0.0, 'neu': 1.0, 'pos': 0.0, 'compound': 0.0}",[0.47701487 0.45245516 0.07052999]
pop vocal album of the year,"{'neg': 0.0, 'neu': 1.0, 'pos': 0.0, 'compound': 0.0}",[0.02056404 0.7301742  0.24926178]
killer mike getting cuffed lmao,"{'neg': 0.384, 'neu': 0.268, 'pos': 0.348, 'compound': -0.1027}",[0.36938405 0.55548126 0.07513475]
t swift winning album of the year for a rerelease is kinda crazy tho,"{'neg': 0.129, 'neu': 0.552, 'pos': 0.319, 'compound': 0.4754}",[0.04832867 0.38968965 0.5619817 ]
poggies,"{'neg': 0.0, 'neu': 1.0, 'pos': 0.0, 'compound': 0.0}",[0.5086656  0.39044175 0.10089264]
lana snub,"{'neg': 0.737, 'neu': 0.263, 'pos': 0.0, 'compound': -0.4215}",[0.29631698 0.61705893 0.08662406]
boom,"{'neg': 0.0, 'neu': 1.0, 'pos': 0.0, 'compound': 0.0}",[0.14172626 0.464538   0.3937357 ]
lana was snubbed,"{'neg': 0.6, 'neu': 0.4, 'pos': 0.0, 'compound': -0.4588}",[0.7139656  0.27271307 0.01332141]
poggies,"{'neg': 0.0, 'neu': 1.0, 'pos': 0.0, 'compound': 0.0}",[0.5086656  0.39044175 0.10089264]
sht hold my just died,"{'neg': 0.474, 'neu': 0.526, 'pos': 0.0, 'compound': -0.5574}",[0.8435855  0.13754651 0.01886793]
yep,"{'neg': 0.0, 'neu': 0.0, 'pos': 1.0, 'compound': 0.296}",[0.1777268  0.5567125  0.26556072]
oh,"{'neg': 0.0, 'neu': 1.0, 'pos': 0.0, 'compound': 0.0}",[0.3007134 0.5070511 0.1922355]
poggies,"{'neg': 0.0, 'neu': 1.0, 'pos': 0.0, 'compound': 0.0}",[0.5086656  0.39044175 0.10089264]
mhm,"{'neg': 0.0, 'neu': 1.0, 'pos': 0.0, 'compound': 0.0}",[0.20856479 0.5853287  0.20610645]
lmao,"{'neg': 0.0, 'neu': 0.0, 'pos': 1.0, 'compound': 0.5994}",[0.25513867 0.443014   0.30184737]
lol,"{'neg': 0.0, 'neu': 0.0, 'pos': 1.0, 'compound': 0.4215}",[0.10777361 0.5321322  0.36009416]
lmao,"{'neg': 0.0, 'neu': 0.0, 'pos': 1.0, 'compound': 0.5994}",[0.25513867 0.443014   0.30184737]
what is that mug hold,"{'neg': 0.0, 'neu': 1.0, 'pos': 0.0, 'compound': 0.0}",[0.1900367  0.72644657 0.08351675]
lmaoooo,"{'neg': 0.0, 'neu': 1.0, 'pos': 0.0, 'compound': 0.0}",[0.30746457 0.43147135 0.26106408]
lool,"{'neg': 0.0, 'neu': 1.0, 'pos': 0.0, 'compound': 0.0}",[0.2322284  0.47146356 0.2963081 ]
dont talk shit about miley,"{'neg': 0.0, 'neu': 0.578, 'pos': 0.422, 'compound': 0.4449}",[0.65417147 0.32762    0.01820854]
bro,"{'neg': 0.0, 'neu': 1.0, 'pos': 0.0, 'compound': 0.0}",[0.23197147 0.51023877 0.25778976]
lmao,"{'neg': 0.0, 'neu': 0.0, 'pos': 1.0, 'compound': 0.5994}",[0.25513867 0.443014   0.30184737]
bruh,"{'neg': 0.0, 'neu': 1.0, 'pos': 0.0, 'compound': 0.0}",[0.20749013 0.58758485 0.20492503]
wowwowww,"{'neg': 0.0, 'neu': 1.0, 'pos': 0.0, 'compound': 0.0}",[0.13992149 0.48235807 0.37772042]
oh cool,"{'neg': 0.0, 'neu': 0.303, 'pos': 0.697, 'compound': 0.3182}",[0.00941208 0.14161871 0.8489692 ]
the tortured poet department,"{'neg': 0.545, 'neu': 0.455, 'pos': 0.0, 'compound': -0.5574}",[0.37659642 0.60041845 0.02298509]
eating a burber with no homeymustarf,"{'neg': 0.355, 'neu': 0.645, 'pos': 0.0, 'compound': -0.296}",[0.38410375 0.5789673  0.03692896]
taylor robbed lana blind rip,"{'neg': 0.403, 'neu': 0.597, 'pos': 0.0, 'compound': -0.4019}",[0.6402141  0.34853616 0.01124973]
dead poet society lmaoo,"{'neg': 0.589, 'neu': 0.411, 'pos': 0.0, 'compound': -0.6486}",[0.5005021  0.45366892 0.04582888]
jungkook was snubbed,"{'neg': 0.6, 'neu': 0.4, 'pos': 0.0, 'compound': -0.4588}",[0.6088051  0.37694442 0.01425048]
the tortured ecofascists society,"{'neg': 0.545, 'neu': 0.455, 'pos': 0.0, 'compound': -0.5574}",[0.8207036  0.17157169 0.00772471]
lol,"{'neg': 0.0, 'neu': 0.0, 'pos': 1.0, 'compound': 0.4215}",[0.10777361 0.5321322  0.36009416]
sipping on a double whisky rn are ya kinda early la time,"{'neg': 0.0, 'neu': 1.0, 'pos': 0.0, 'compound': 0.0}",[0.03900009 0.83330446 0.12769547]
jayz,"{'neg': 0.0, 'neu': 1.0, 'pos': 0.0, 'compound': 0.0}",[0.15605356 0.6169489  0.22699755]
shes a marketing genuis,"{'neg': 0.0, 'neu': 1.0, 'pos': 0.0, 'compound': 0.0}",[0.42402065 0.53918725 0.03679215]
is taylor swift like a small indie music artist,"{'neg': 0.0, 'neu': 0.583, 'pos': 0.417, 'compound': 0.5106}",[0.03382303 0.9173958  0.04878117]
so excited for new album,"{'neg': 0.0, 'neu': 0.598, 'pos': 0.402, 'compound': 0.4005}",[0.00147769 0.00748499 0.99103737]
tortured poets department,"{'neg': 0.643, 'neu': 0.357, 'pos': 0.0, 'compound': -0.5574}",[0.34877884 0.6240786  0.02714253]
he died years ago whaa,"{'neg': 0.474, 'neu': 0.526, 'pos': 0.0, 'compound': -0.5574}",[0.8234475  0.16897523 0.00757731]
sounds like a  night out for hot dogs and chicken tendies with a side of disapointment,"{'neg': 0.0, 'neu': 0.839, 'pos': 0.161, 'compound': 0.3612}",[0.79852766 0.17795047 0.02352193]
totured not dead lmao,"{'neg': 0.366, 'neu': 0.233, 'pos': 0.401, 'compound': 0.0762}",[0.10624421 0.69707346 0.19668229]
robin williams,"{'neg': 0.0, 'neu': 1.0, 'pos': 0.0, 'compound': 0.0}",[0.07258433 0.8376293  0.08978642]
she has so much influence,"{'neg': 0.0, 'neu': 1.0, 'pos': 0.0, 'compound': 0.0}",[0.03901136 0.52808833 0.4329003 ]
robin williams,"{'neg': 0.0, 'neu': 1.0, 'pos': 0.0, 'compound': 0.0}",[0.07258433 0.8376293  0.08978642]
killer mike a joke lol,"{'neg': 0.417, 'neu': 0.097, 'pos': 0.485, 'compound': -0.0772}",[0.2688846  0.57300556 0.15810978]
the tortured poets department,"{'neg': 0.545, 'neu': 0.455, 'pos': 0.0, 'compound': -0.5574}",[0.37270138 0.60448337 0.02281525]
lmfao,"{'neg': 0.0, 'neu': 0.0, 'pos': 1.0, 'compound': 0.5423}",[0.35384452 0.4352     0.21095544]
taylor sift,"{'neg': 0.0, 'neu': 1.0, 'pos': 0.0, 'compound': 0.0}",[0.09436639 0.79415786 0.11147573]
i forgot that breaded food is glutened ludwig,"{'neg': 0.0, 'neu': 1.0, 'pos': 0.0, 'compound': 0.0}",[0.7515742  0.23075256 0.01767313]
i feel like the album announcement was honestly unnecessary,"{'neg': 0.0, 'neu': 0.522, 'pos': 0.478, 'compound': 0.6705}",[0.9157195  0.07903922 0.00524125]
dead poets department god do some research,"{'neg': 0.377, 'neu': 0.439, 'pos': 0.184, 'compound': -0.4939}",[0.69043016 0.29144529 0.01812451]
wowza,"{'neg': 0.0, 'neu': 1.0, 'pos': 0.0, 'compound': 0.0}",[0.12651727 0.6310776  0.24240515]
yoo,"{'neg': 0.0, 'neu': 1.0, 'pos': 0.0, 'compound': 0.0}",[0.14971283 0.51581913 0.334468  ]
great clip,"{'neg': 0.0, 'neu': 0.196, 'pos': 0.804, 'compound': 0.6249}",[0.00948549 0.0825519  0.90796256]
just watch your mogul mail lol well done,"{'neg': 0.0, 'neu': 0.55, 'pos': 0.45, 'compound': 0.5994}",[0.01561296 0.17709403 0.80729306]
bro please not this shit i heard this all last night,"{'neg': 0.0, 'neu': 0.605, 'pos': 0.395, 'compound': 0.6398}",[0.97300726 0.02459831 0.00239442]
bros getting drunk,"{'neg': 0.545, 'neu': 0.455, 'pos': 0.0, 'compound': -0.34}",[0.43573546 0.50768584 0.05657863]
lol,"{'neg': 0.0, 'neu': 0.0, 'pos': 1.0, 'compound': 0.4215}",[0.10777361 0.5321322  0.36009416]
ttpd the tortured poets department,"{'neg': 0.474, 'neu': 0.526, 'pos': 0.0, 'compound': -0.5574}",[0.43223926 0.5480526  0.01970815]
swifties comin out,"{'neg': 0.0, 'neu': 1.0, 'pos': 0.0, 'compound': 0.0}",[0.0238729  0.7922514  0.18387567]
robbed,"{'neg': 0.0, 'neu': 1.0, 'pos': 0.0, 'compound': 0.0}",[0.47701487 0.45245516 0.07052999]
true,"{'neg': 0.0, 'neu': 0.0, 'pos': 1.0, 'compound': 0.4215}",[0.09262478 0.50221413 0.4051611 ]
travis scott sucks you tone deaf zoomers,"{'neg': 0.294, 'neu': 0.706, 'pos': 0.0, 'compound': -0.3612}",[0.9735859  0.02373443 0.00267962]
lmao,"{'neg': 0.0, 'neu': 0.0, 'pos': 1.0, 'compound': 0.5994}",[0.25513867 0.443014   0.30184737]
true,"{'neg': 0.0, 'neu': 0.0, 'pos': 1.0, 'compound': 0.4215}",[0.09262478 0.50221413 0.4051611 ]
what was qts reaction to the taylor announcement,"{'neg': 0.0, 'neu': 1.0, 'pos': 0.0, 'compound': 0.0}",[0.04585693 0.92157775 0.03256527]
damn,"{'neg': 1.0, 'neu': 0.0, 'pos': 0.0, 'compound': -0.4019}",[0.69406646 0.24222033 0.06371322]
gigachad,"{'neg': 0.0, 'neu': 1.0, 'pos': 0.0, 'compound': 0.0}",[0.21085447 0.5394721  0.24967341]
pogodown,"{'neg': 0.0, 'neu': 1.0, 'pos': 0.0, 'compound': 0.0}",[0.19446269 0.6016141  0.2039232 ]
naaa,"{'neg': 0.0, 'neu': 1.0, 'pos': 0.0, 'compound': 0.0}",[0.2046025  0.6107582  0.18463933]
dangggg,"{'neg': 0.0, 'neu': 1.0, 'pos': 0.0, 'compound': 0.0}",[0.52989197 0.3563307  0.11377732]
yep,"{'neg': 0.0, 'neu': 0.0, 'pos': 1.0, 'compound': 0.296}",[0.1777268  0.5567125  0.26556072]
cool,"{'neg': 0.0, 'neu': 0.0, 'pos': 1.0, 'compound': 0.3182}",[0.00997537 0.21843635 0.7715883 ]
yessir,"{'neg': 0.0, 'neu': 1.0, 'pos': 0.0, 'compound': 0.0}",[0.15345299 0.52111614 0.3254309 ]
drake,"{'neg': 0.0, 'neu': 1.0, 'pos': 0.0, 'compound': 0.0}",[0.37686536 0.48437154 0.13876307]
did you see killer mike get arrested,"{'neg': 0.597, 'neu': 0.403, 'pos': 0.0, 'compound': -0.8126}",[0.6143859  0.3753725  0.01024161]
lana wasnt snubbed thats when you dont get nominated she was robbed,"{'neg': 0.0, 'neu': 0.816, 'pos': 0.184, 'compound': 0.357}",[0.69708604 0.28810722 0.01480674]
real,"{'neg': 0.0, 'neu': 1.0, 'pos': 0.0, 'compound': 0.0}",[0.17196083 0.5624462  0.26559305]
jay z,"{'neg': 0.0, 'neu': 1.0, 'pos': 0.0, 'compound': 0.0}",[0.11703777 0.6437956  0.23916663]
damn,"{'neg': 1.0, 'neu': 0.0, 'pos': 0.0, 'compound': -0.4019}",[0.69406646 0.24222033 0.06371322]
true,"{'neg': 0.0, 'neu': 0.0, 'pos': 1.0, 'compound': 0.4215}",[0.09262478 0.50221413 0.4051611 ]
drake i would have dinner with jayz,"{'neg': 0.0, 'neu': 1.0, 'pos': 0.0, 'compound': 0.0}",[0.01366908 0.85064584 0.1356851 ]
jay z was real  that,"{'neg': 0.0, 'neu': 1.0, 'pos': 0.0, 'compound': 0.0}",[0.07215559 0.6313884  0.296456  ]
crazyy,"{'neg': 0.0, 'neu': 1.0, 'pos': 0.0, 'compound': 0.0}",[0.26568317 0.52100277 0.21331401]
hi luddddd,"{'neg': 0.0, 'neu': 1.0, 'pos': 0.0, 'compound': 0.0}",[0.25120276 0.5826836  0.1661136 ]
drake,"{'neg': 0.0, 'neu': 1.0, 'pos': 0.0, 'compound': 0.0}",[0.37686536 0.48437154 0.13876307]
shout out jay z,"{'neg': 0.0, 'neu': 1.0, 'pos': 0.0, 'compound': 0.0}",[0.01852183 0.64849085 0.33298728]
real,"{'neg': 0.0, 'neu': 1.0, 'pos': 0.0, 'compound': 0.0}",[0.17196083 0.5624462  0.26559305]
they did lana so dirty there would be no taylor if lana didnt exist,"{'neg': 0.331, 'neu': 0.669, 'pos': 0.0, 'compound': -0.7133}",[0.774464   0.21471937 0.01081664]
jay z always talking shit,"{'neg': 0.545, 'neu': 0.455, 'pos': 0.0, 'compound': -0.5574}",[0.9348678  0.06025217 0.00488007]
whyd he go so hard,"{'neg': 0.318, 'neu': 0.682, 'pos': 0.0, 'compound': -0.2183}",[0.46138096 0.48838317 0.05023589]
based as fuck,"{'neg': 0.636, 'neu': 0.364, 'pos': 0.0, 'compound': -0.5423}",[0.8661211  0.10789243 0.02598646]
jay eazy,"{'neg': 0.0, 'neu': 1.0, 'pos': 0.0, 'compound': 0.0}",[0.16147223 0.643861   0.19466682]
jay z went best mod,"{'neg': 0.0, 'neu': 0.417, 'pos': 0.583, 'compound': 0.6369}",[0.02381619 0.48059422 0.49558964]
what about laufey,"{'neg': 0.0, 'neu': 1.0, 'pos': 0.0, 'compound': 0.0}",[0.15771268 0.7801019  0.06218543]
eating a honey burber with no mustard,"{'neg': 0.306, 'neu': 0.694, 'pos': 0.0, 'compound': -0.296}",[0.10044944 0.8242611  0.07528944]
jayz not wrong,"{'neg': 0.0, 'neu': 0.439, 'pos': 0.561, 'compound': 0.3724}",[0.1233587  0.76060236 0.11603896]
lana was robbed,"{'neg': 0.0, 'neu': 1.0, 'pos': 0.0, 'compound': 0.0}",[0.8165213  0.1736102  0.00986855]
awkward,"{'neg': 1.0, 'neu': 0.0, 'pos': 0.0, 'compound': -0.1531}",[0.70212334 0.2736853  0.0241914 ]
ye the true real one,"{'neg': 0.0, 'neu': 0.588, 'pos': 0.412, 'compound': 0.4215}",[0.04582032 0.5601769  0.3940028 ]
jay z,"{'neg': 0.0, 'neu': 1.0, 'pos': 0.0, 'compound': 0.0}",[0.11703777 0.6437956  0.23916663]
jayz wss so real for that,"{'neg': 0.0, 'neu': 1.0, 'pos': 0.0, 'compound': 0.0}",[0.09698204 0.737944   0.16507398]
yeah,"{'neg': 0.0, 'neu': 0.0, 'pos': 1.0, 'compound': 0.296}",[0.23542269 0.52121633 0.24336095]
pepew,"{'neg': 0.0, 'neu': 1.0, 'pos': 0.0, 'compound': 0.0}",[0.18562227 0.63596725 0.17841049]
undrake,"{'neg': 0.0, 'neu': 1.0, 'pos': 0.0, 'compound': 0.0}",[0.25440797 0.5892698  0.1563222 ]
cap,"{'neg': 0.0, 'neu': 1.0, 'pos': 0.0, 'compound': 0.0}",[0.2438017  0.54170585 0.21449243]
jay z out here trying to be kanye,"{'neg': 0.0, 'neu': 1.0, 'pos': 0.0, 'compound': 0.0}",[0.14161524 0.7987822  0.05960253]
jayz is real lana del rey sucks,"{'neg': 0.294, 'neu': 0.706, 'pos': 0.0, 'compound': -0.3612}",[0.9075221  0.08605544 0.00642254]
i love you man,"{'neg': 0.0, 'neu': 0.323, 'pos': 0.677, 'compound': 0.6369}",[0.00628434 0.02231209 0.9714036 ]
power move,"{'neg': 0.0, 'neu': 1.0, 'pos': 0.0, 'compound': 0.0}",[0.11275395 0.6001896  0.28705642]
victory lap right there,"{'neg': 0.0, 'neu': 1.0, 'pos': 0.0, 'compound': 0.0}",[0.1008083 0.6390719 0.2601198]
lana was on her album,"{'neg': 0.0, 'neu': 1.0, 'pos': 0.0, 'compound': 0.0}",[0.02468175 0.8785989  0.09671933]
lanas on the album,"{'neg': 0.0, 'neu': 1.0, 'pos': 0.0, 'compound': 0.0}",[0.07585809 0.79416347 0.12997845]
celine dion,"{'neg': 0.0, 'neu': 1.0, 'pos': 0.0, 'compound': 0.0}",[0.13864183 0.6803405  0.18101765]
lana deserved,"{'neg': 0.0, 'neu': 1.0, 'pos': 0.0, 'compound': 0.0}",[0.08280802 0.6857153  0.23147662]
dang,"{'neg': 0.0, 'neu': 1.0, 'pos': 0.0, 'compound': 0.0}",[0.4756609  0.39261174 0.13172737]
exactlyyy,"{'neg': 0.0, 'neu': 1.0, 'pos': 0.0, 'compound': 0.0}",[0.13912943 0.57113004 0.28974056]
weird,"{'neg': 1.0, 'neu': 0.0, 'pos': 0.0, 'compound': -0.1779}",[0.5548167  0.37818572 0.06699752]
odd,"{'neg': 1.0, 'neu': 0.0, 'pos': 0.0, 'compound': -0.3182}",[0.50543165 0.40208498 0.0924833 ]
will neff joined otk,"{'neg': 0.0, 'neu': 1.0, 'pos': 0.0, 'compound': 0.0}",[0.08624356 0.8460261  0.06773037]
lana and taylor arrived together,"{'neg': 0.0, 'neu': 1.0, 'pos': 0.0, 'compound': 0.0}",[0.019895   0.90409493 0.07601003]
undrake,"{'neg': 0.0, 'neu': 1.0, 'pos': 0.0, 'compound': 0.0}",[0.25440797 0.5892698  0.1563222 ]
jay z real based,"{'neg': 0.0, 'neu': 1.0, 'pos': 0.0, 'compound': 0.0}",[0.05269269 0.78661823 0.16068909]
miley needs to stop,"{'neg': 0.423, 'neu': 0.577, 'pos': 0.0, 'compound': -0.296}",[0.68039036 0.3055259  0.01408375]
ekto,"{'neg': 0.0, 'neu': 1.0, 'pos': 0.0, 'compound': 0.0}",[0.20136    0.60408187 0.19455811]
icant,"{'neg': 0.0, 'neu': 1.0, 'pos': 0.0, 'compound': 0.0}",[0.3150507  0.5536767  0.13127257]
women support women,"{'neg': 0.0, 'neu': 0.426, 'pos': 0.574, 'compound': 0.4019}",[0.02243446 0.6446421  0.3329235 ]
definitely not worth k,"{'neg': 0.31, 'neu': 0.186, 'pos': 0.503, 'compound': 0.2579}",[0.8239788  0.16342343 0.01259778]
lana was on the album,"{'neg': 0.0, 'neu': 1.0, 'pos': 0.0, 'compound': 0.0}",[0.03182277 0.8862501  0.08192711]
that was so awkward,"{'neg': 0.414, 'neu': 0.586, 'pos': 0.0, 'compound': -0.2769}",[0.9507835  0.04431525 0.00490129]
youre so real,"{'neg': 0.0, 'neu': 1.0, 'pos': 0.0, 'compound': 0.0}",[0.01130875 0.17545034 0.81324095]
was weird,"{'neg': 0.63, 'neu': 0.37, 'pos': 0.0, 'compound': -0.1779}",[0.6311934 0.3287733 0.0400333]
f,"{'neg': 0.0, 'neu': 0.0, 'pos': 0.0, 'compound': 0.0}",[0.2640933  0.5217375  0.21416917]
to make her more embarrased,"{'neg': 0.0, 'neu': 1.0, 'pos': 0.0, 'compound': 0.0}",[0.7548005  0.23156172 0.01363778]
lana uhm,"{'neg': 0.0, 'neu': 1.0, 'pos': 0.0, 'compound': 0.0}",[0.19276688 0.7460862  0.06114695]
im exited you gonna playa belgium game,"{'neg': 0.0, 'neu': 1.0, 'pos': 0.0, 'compound': 0.0}",[0.00202847 0.15216804 0.8458035 ]
lol,"{'neg': 0.0, 'neu': 0.0, 'pos': 1.0, 'compound': 0.4215}",[0.10777361 0.5321322  0.36009416]
did u get to meet laufey,"{'neg': 0.0, 'neu': 1.0, 'pos': 0.0, 'compound': 0.0}",[0.07743396 0.8545302  0.06803572]
lana was on it,"{'neg': 0.0, 'neu': 1.0, 'pos': 0.0, 'compound': 0.0}",[0.10478055 0.79970276 0.09551667]
i fuckin hate taylor swift can you start playing already,"{'neg': 0.278, 'neu': 0.451, 'pos': 0.271, 'compound': -0.2732}",[0.97900647 0.01827089 0.00272269]
thats why i dont watch it,"{'neg': 0.0, 'neu': 1.0, 'pos': 0.0, 'compound': 0.0}",[0.7502067  0.23732886 0.0124644 ]
commercial breaks,"{'neg': 0.0, 'neu': 1.0, 'pos': 0.0, 'compound': 0.0}",[0.30654177 0.5918352  0.10162304]
yeah commercials,"{'neg': 0.0, 'neu': 0.312, 'pos': 0.688, 'compound': 0.296}",[0.49075058 0.44174987 0.06749953]
lana sadge,"{'neg': 0.0, 'neu': 1.0, 'pos': 0.0, 'compound': 0.0}",[0.2518417  0.6545091  0.09364916]
id hate that,"{'neg': 0.649, 'neu': 0.351, 'pos': 0.0, 'compound': -0.5719}",[0.94083446 0.05023781 0.00892772]
the commercials were so long,"{'neg': 0.0, 'neu': 1.0, 'pos': 0.0, 'compound': 0.0}",[0.90024537 0.0905899  0.00916472]
who cares about the grammys,"{'neg': 0.0, 'neu': 0.571, 'pos': 0.429, 'compound': 0.4588}",[0.5586172  0.39267907 0.04870379]
lana was robbed,"{'neg': 0.0, 'neu': 1.0, 'pos': 0.0, 'compound': 0.0}",[0.8165213  0.1736102  0.00986855]
theres a lot of ads man,"{'neg': 0.0, 'neu': 1.0, 'pos': 0.0, 'compound': 0.0}",[0.5370579  0.4258262  0.03711596]
eating a burber with no honey mustard,"{'neg': 0.306, 'neu': 0.694, 'pos': 0.0, 'compound': -0.296}",[0.2894987  0.672693   0.03780829]
i fuckin hate taylor swift can you start playing already,"{'neg': 0.278, 'neu': 0.451, 'pos': 0.271, 'compound': -0.2732}",[0.97900647 0.01827089 0.00272269]
million dollars or dinner with jay z,"{'neg': 0.0, 'neu': 1.0, 'pos': 0.0, 'compound': 0.0}",[0.01775108 0.89592963 0.08631925]
download the truffle extension get emotes predictions and more here  httpstrufflevipextension,"{'neg': 0.0, 'neu': 1.0, 'pos': 0.0, 'compound': 0.0}",[0.06369623 0.8378689  0.09843491]
hai chat,"{'neg': 0.0, 'neu': 1.0, 'pos': 0.0, 'compound': 0.0}",[0.12773493 0.7179125  0.15435255]
literally who is killer mike,"{'neg': 0.518, 'neu': 0.482, 'pos': 0.0, 'compound': -0.6486}",[0.65211195 0.3363311  0.01155696]
yep thats why i dont watch them,"{'neg': 0.0, 'neu': 0.694, 'pos': 0.306, 'compound': 0.296}",[0.84883296 0.14301023 0.00815679]
what time is baldurs gate please,"{'neg': 0.0, 'neu': 0.685, 'pos': 0.315, 'compound': 0.3182}",[0.04959442 0.88031757 0.07008798]
why not call it downtime show then,"{'neg': 0.0, 'neu': 1.0, 'pos': 0.0, 'compound': 0.0}",[0.17956963 0.7682133  0.05221701]
yo,"{'neg': 0.0, 'neu': 1.0, 'pos': 0.0, 'compound': 0.0}",[0.21219791 0.52671826 0.26108384]
lanna did not want to be on that stage hommies,"{'neg': 0.12, 'neu': 0.88, 'pos': 0.0, 'compound': -0.0572}",[0.8233475  0.16857605 0.00807642]
kanye did the same as jay z but called a fool,"{'neg': 0.325, 'neu': 0.675, 'pos': 0.0, 'compound': -0.5927}",[0.64658815 0.33981615 0.01359573]
this is real,"{'neg': 0.0, 'neu': 1.0, 'pos': 0.0, 'compound': 0.0}",[0.03877626 0.46418294 0.49704078]
like watching nfl always ads,"{'neg': 0.0, 'neu': 0.615, 'pos': 0.385, 'compound': 0.3612}",[0.62591654 0.3475702  0.02651317]
whole lotta of snitches in this chat,"{'neg': 0.0, 'neu': 1.0, 'pos': 0.0, 'compound': 0.0}",[0.8240682  0.16517867 0.01075321]
lana was on her album so it makes sense,"{'neg': 0.0, 'neu': 1.0, 'pos': 0.0, 'compound': 0.0}",[0.00754587 0.5869526  0.40550148]
who is victor,"{'neg': 0.0, 'neu': 1.0, 'pos': 0.0, 'compound': 0.0}",[0.08365915 0.80733025 0.10901056]
lana sadge,"{'neg': 0.0, 'neu': 1.0, 'pos': 0.0, 'compound': 0.0}",[0.2518417  0.6545091  0.09364916]
there was  commercials,"{'neg': 0.0, 'neu': 1.0, 'pos': 0.0, 'compound': 0.0}",[0.32947522 0.6086319  0.06189285]
o,"{'neg': 0.0, 'neu': 0.0, 'pos': 0.0, 'compound': 0.0}",[0.25852075 0.4814087  0.26007062]
sup midwig,"{'neg': 0.0, 'neu': 1.0, 'pos': 0.0, 'compound': 0.0}",[0.13565421 0.74221385 0.12213186]
commercials,"{'neg': 0.0, 'neu': 1.0, 'pos': 0.0, 'compound': 0.0}",[0.4533994  0.47957593 0.06702463]
there were just so many ads,"{'neg': 0.0, 'neu': 1.0, 'pos': 0.0, 'compound': 0.0}",[0.68835855 0.28563914 0.02600229]
the live edit was messy wouldnt be surprised if there were issues,"{'neg': 0.294, 'neu': 0.706, 'pos': 0.0, 'compound': -0.4881}",[0.7601513  0.22654343 0.01330525]
dude soooo many ads,"{'neg': 0.0, 'neu': 1.0, 'pos': 0.0, 'compound': 0.0}",[0.7711191  0.20518753 0.0236933 ]
darkmascoty cope,"{'neg': 0.0, 'neu': 1.0, 'pos': 0.0, 'compound': 0.0}",[0.24642687 0.70062584 0.05294731]
dont disrespect killer mike,"{'neg': 0.0, 'neu': 0.257, 'pos': 0.743, 'compound': 0.6979}",[0.75455993 0.23525321 0.01018677]
just play bg already,"{'neg': 0.0, 'neu': 0.556, 'pos': 0.444, 'compound': 0.34}",[0.13739291 0.715628   0.14697905]
celebrities are so disappointing these days tbh,"{'neg': 0.407, 'neu': 0.593, 'pos': 0.0, 'compound': -0.6269}",[0.9756776  0.02204943 0.00227293]
that seems excessive,"{'neg': 0.0, 'neu': 1.0, 'pos': 0.0, 'compound': 0.0}",[0.8149785  0.16888306 0.01613851]
they should have set up a game room for waiting periods,"{'neg': 0.0, 'neu': 1.0, 'pos': 0.0, 'compound': 0.0}",[0.23793428 0.7204761  0.04158958]
taylor is wackkk,"{'neg': 0.0, 'neu': 1.0, 'pos': 0.0, 'compound': 0.0}",[0.9458616  0.04933604 0.00480234]
i love you luddy,"{'neg': 0.0, 'neu': 0.323, 'pos': 0.677, 'compound': 0.6369}",[0.00818953 0.03817927 0.95363116]
cant wait for the bald,"{'neg': 0.0, 'neu': 1.0, 'pos': 0.0, 'compound': 0.0}",[0.03966008 0.09957584 0.8607641 ]
breaks are horrendous,"{'neg': 0.655, 'neu': 0.345, 'pos': 0.0, 'compound': -0.5859}",[0.9619275  0.03410466 0.00396782]
victor these nuts in your mouth got em,"{'neg': 0.247, 'neu': 0.753, 'pos': 0.0, 'compound': -0.3182}",[0.70374274 0.27973828 0.016519  ]
monkahmm,"{'neg': 0.0, 'neu': 1.0, 'pos': 0.0, 'compound': 0.0}",[0.20697556 0.6197216  0.17330281]
how do i go back to youtube chat,"{'neg': 0.0, 'neu': 1.0, 'pos': 0.0, 'compound': 0.0}",[0.11402441 0.8313566  0.05461909]
bedge,"{'neg': 0.0, 'neu': 1.0, 'pos': 0.0, 'compound': 0.0}",[0.23572512 0.55688846 0.20738639]
bedge,"{'neg': 0.0, 'neu': 1.0, 'pos': 0.0, 'compound': 0.0}",[0.23572512 0.55688846 0.20738639]
ready for taylor swift to be the greatest villain the nfl fans has ever seen,"{'neg': 0.156, 'neu': 0.476, 'pos': 0.368, 'compound': 0.5994}",[0.10046926 0.56669044 0.33284026]
omegalul,"{'neg': 0.0, 'neu': 1.0, 'pos': 0.0, 'compound': 0.0}",[0.23960617 0.59827083 0.16212298]
nahhhhhhhhhh,"{'neg': 0.0, 'neu': 1.0, 'pos': 0.0, 'compound': 0.0}",[0.3176679  0.5853284  0.09700369]
icant,"{'neg': 0.0, 'neu': 1.0, 'pos': 0.0, 'compound': 0.0}",[0.3150507  0.5536767  0.13127257]
lol,"{'neg': 0.0, 'neu': 0.0, 'pos': 1.0, 'compound': 0.4215}",[0.10777361 0.5321322  0.36009416]
omegalul,"{'neg': 0.0, 'neu': 1.0, 'pos': 0.0, 'compound': 0.0}",[0.23960617 0.59827083 0.16212298]
bedge,"{'neg': 0.0, 'neu': 1.0, 'pos': 0.0, 'compound': 0.0}",[0.23572512 0.55688846 0.20738639]
lmao,"{'neg': 0.0, 'neu': 0.0, 'pos': 1.0, 'compound': 0.5994}",[0.25513867 0.443014   0.30184737]
lmao,"{'neg': 0.0, 'neu': 0.0, 'pos': 1.0, 'compound': 0.5994}",[0.25513867 0.443014   0.30184737]
omegalul,"{'neg': 0.0, 'neu': 1.0, 'pos': 0.0, 'compound': 0.0}",[0.23960617 0.59827083 0.16212298]
lmao,"{'neg': 0.0, 'neu': 0.0, 'pos': 1.0, 'compound': 0.5994}",[0.25513867 0.443014   0.30184737]
bedge,"{'neg': 0.0, 'neu': 1.0, 'pos': 0.0, 'compound': 0.0}",[0.23572512 0.55688846 0.20738639]
aintnoway,"{'neg': 0.0, 'neu': 1.0, 'pos': 0.0, 'compound': 0.0}",[0.18108238 0.6273581  0.19155954]
onegalul,"{'neg': 0.0, 'neu': 1.0, 'pos': 0.0, 'compound': 0.0}",[0.24115044 0.593212   0.16563758]
thay trolling fr,"{'neg': 0.0, 'neu': 1.0, 'pos': 0.0, 'compound': 0.0}",[0.38495204 0.57483995 0.04020804]
bedge honk shoo,"{'neg': 0.0, 'neu': 1.0, 'pos': 0.0, 'compound': 0.0}",[0.22761597 0.6188747  0.15350933]
just a sleepy guy,"{'neg': 0.0, 'neu': 1.0, 'pos': 0.0, 'compound': 0.0}",[0.34518793 0.5509711  0.10384098]
bedge,"{'neg': 0.0, 'neu': 1.0, 'pos': 0.0, 'compound': 0.0}",[0.23572512 0.55688846 0.20738639]
aintnoway bedge,"{'neg': 0.0, 'neu': 1.0, 'pos': 0.0, 'compound': 0.0}",[0.15340373 0.6980534  0.14854282]
lmaoooooooo,"{'neg': 0.0, 'neu': 1.0, 'pos': 0.0, 'compound': 0.0}",[0.37973154 0.41482288 0.20544553]
nah technical issues at a big event is crazy,"{'neg': 0.388, 'neu': 0.612, 'pos': 0.0, 'compound': -0.4215}",[0.56817937 0.3665545  0.06526604]
eepy,"{'neg': 0.0, 'neu': 1.0, 'pos': 0.0, 'compound': 0.0}",[0.29541487 0.5226028  0.18198234]
sleepwig,"{'neg': 0.0, 'neu': 1.0, 'pos': 0.0, 'compound': 0.0}",[0.26832816 0.62510306 0.10656874]
omegalul,"{'neg': 0.0, 'neu': 1.0, 'pos': 0.0, 'compound': 0.0}",[0.23960617 0.59827083 0.16212298]
bedge,"{'neg': 0.0, 'neu': 1.0, 'pos': 0.0, 'compound': 0.0}",[0.23572512 0.55688846 0.20738639]
its a snooze fest,"{'neg': 0.0, 'neu': 1.0, 'pos': 0.0, 'compound': 0.0}",[0.24672048 0.64464706 0.10863243]
to the chatter that said will neff joined otk wut,"{'neg': 0.0, 'neu': 1.0, 'pos': 0.0, 'compound': 0.0}",[0.20602167 0.7676833  0.026295  ]
i forgot that breaded food is glutened ludwig,"{'neg': 0.0, 'neu': 1.0, 'pos': 0.0, 'compound': 0.0}",[0.7515742  0.23075256 0.01767313]
lol,"{'neg': 0.0, 'neu': 0.0, 'pos': 1.0, 'compound': 0.4215}",[0.10777361 0.5321322  0.36009416]
looool,"{'neg': 0.0, 'neu': 1.0, 'pos': 0.0, 'compound': 0.0}",[0.35139194 0.4668552  0.18175294]
icant,"{'neg': 0.0, 'neu': 1.0, 'pos': 0.0, 'compound': 0.0}",[0.3150507  0.5536767  0.13127257]
bedge,"{'neg': 0.0, 'neu': 1.0, 'pos': 0.0, 'compound': 0.0}",[0.23572512 0.55688846 0.20738639]
drunk,"{'neg': 1.0, 'neu': 0.0, 'pos': 0.0, 'compound': -0.34}",[0.34615538 0.59016836 0.06367625]
bedge,"{'neg': 0.0, 'neu': 1.0, 'pos': 0.0, 'compound': 0.0}",[0.23572512 0.55688846 0.20738639]
dont blame you,"{'neg': 0.0, 'neu': 0.496, 'pos': 0.504, 'compound': 0.2584}",[0.28246638 0.64369243 0.07384113]
so cute,"{'neg': 0.0, 'neu': 0.233, 'pos': 0.767, 'compound': 0.5095}",[0.00434962 0.03518041 0.96046996]
bedge,"{'neg': 0.0, 'neu': 1.0, 'pos': 0.0, 'compound': 0.0}",[0.23572512 0.55688846 0.20738639]
bedge,"{'neg': 0.0, 'neu': 1.0, 'pos': 0.0, 'compound': 0.0}",[0.23572512 0.55688846 0.20738639]
lmao,"{'neg': 0.0, 'neu': 0.0, 'pos': 1.0, 'compound': 0.5994}",[0.25513867 0.443014   0.30184737]
quick snooz,"{'neg': 0.0, 'neu': 1.0, 'pos': 0.0, 'compound': 0.0}",[0.10306528 0.69114715 0.2057876 ]
xd,"{'neg': 0.0, 'neu': 0.0, 'pos': 1.0, 'compound': 0.5859}",[0.25467974 0.499808   0.24551225]
ludwig thought you dont drink alone,"{'neg': 0.0, 'neu': 0.742, 'pos': 0.258, 'compound': 0.1877}",[0.263043   0.6861786  0.05077841]
bedge,"{'neg': 0.0, 'neu': 1.0, 'pos': 0.0, 'compound': 0.0}",[0.23572512 0.55688846 0.20738639]
lmao,"{'neg': 0.0, 'neu': 0.0, 'pos': 1.0, 'compound': 0.5994}",[0.25513867 0.443014   0.30184737]
pssh id be snoozing minute one,"{'neg': 0.0, 'neu': 1.0, 'pos': 0.0, 'compound': 0.0}",[0.24861397 0.68903965 0.06234632]
lmao  drink dale,"{'neg': 0.0, 'neu': 0.339, 'pos': 0.661, 'compound': 0.5994}",[0.2086025  0.61883545 0.17256203]
greatest,"{'neg': 0.0, 'neu': 0.0, 'pos': 1.0, 'compound': 0.6369}",[0.0132521  0.13241367 0.85433424]
bedge,"{'neg': 0.0, 'neu': 1.0, 'pos': 0.0, 'compound': 0.0}",[0.23572512 0.55688846 0.20738639]
bro is,"{'neg': 0.0, 'neu': 1.0, 'pos': 0.0, 'compound': 0.0}",[0.18806498 0.55971175 0.2522232 ]
honk shoo,"{'neg': 0.0, 'neu': 1.0, 'pos': 0.0, 'compound': 0.0}",[0.19394682 0.6467273  0.15932587]
drunk asf,"{'neg': 0.706, 'neu': 0.294, 'pos': 0.0, 'compound': -0.34}",[0.7556928  0.2194027  0.02490449]
bedge,"{'neg': 0.0, 'neu': 1.0, 'pos': 0.0, 'compound': 0.0}",[0.23572512 0.55688846 0.20738639]
lmaooooo,"{'neg': 0.0, 'neu': 1.0, 'pos': 0.0, 'compound': 0.0}",[0.30502364 0.43225184 0.2627245 ]
bedge,"{'neg': 0.0, 'neu': 1.0, 'pos': 0.0, 'compound': 0.0}",[0.23572512 0.55688846 0.20738639]
bedge mimimij,"{'neg': 0.0, 'neu': 1.0, 'pos': 0.0, 'compound': 0.0}",[0.18811496 0.6802976  0.13158742]
nooo,"{'neg': 0.0, 'neu': 1.0, 'pos': 0.0, 'compound': 0.0}",[0.38132778 0.4468751  0.17179711]
badge,"{'neg': 0.0, 'neu': 1.0, 'pos': 0.0, 'compound': 0.0}",[0.25243056 0.54911476 0.19845474]
lmaoo,"{'neg': 0.0, 'neu': 1.0, 'pos': 0.0, 'compound': 0.0}",[0.28583393 0.44981113 0.26435488]
peepocute sleepy boy,"{'neg': 0.0, 'neu': 1.0, 'pos': 0.0, 'compound': 0.0}",[0.23522641 0.6226552  0.14211838]
swities  snitches,"{'neg': 0.0, 'neu': 1.0, 'pos': 0.0, 'compound': 0.0}",[0.7403966  0.24056236 0.01904102]
duuuude,"{'neg': 0.0, 'neu': 1.0, 'pos': 0.0, 'compound': 0.0}",[0.4516323  0.41145605 0.13691163]
omegalul,"{'neg': 0.0, 'neu': 1.0, 'pos': 0.0, 'compound': 0.0}",[0.23960617 0.59827083 0.16212298]
taylor swift bedge,"{'neg': 0.0, 'neu': 0.526, 'pos': 0.474, 'compound': 0.2023}",[0.04619252 0.87976956 0.07403796]
loool,"{'neg': 0.0, 'neu': 1.0, 'pos': 0.0, 'compound': 0.0}",[0.2757829  0.49597555 0.22824156]
zzzwig,"{'neg': 0.0, 'neu': 1.0, 'pos': 0.0, 'compound': 0.0}",[0.16480653 0.6777052  0.15748818]
goddamn bedge,"{'neg': 0.756, 'neu': 0.244, 'pos': 0.0, 'compound': -0.4767}",[0.8587158  0.11926249 0.0220218 ]
sleepwig,"{'neg': 0.0, 'neu': 1.0, 'pos': 0.0, 'compound': 0.0}",[0.26832816 0.62510306 0.10656874]
iconic,"{'neg': 0.0, 'neu': 1.0, 'pos': 0.0, 'compound': 0.0}",[0.39296702 0.4789424  0.12809058]
bedge,"{'neg': 0.0, 'neu': 1.0, 'pos': 0.0, 'compound': 0.0}",[0.23572512 0.55688846 0.20738639]
lol,"{'neg': 0.0, 'neu': 0.0, 'pos': 1.0, 'compound': 0.4215}",[0.10777361 0.5321322  0.36009416]
is this dubbin and the hoeless baldurs or solo,"{'neg': 0.0, 'neu': 1.0, 'pos': 0.0, 'compound': 0.0}",[0.05201306 0.90780693 0.04018   ]
too much gummy,"{'neg': 0.0, 'neu': 1.0, 'pos': 0.0, 'compound': 0.0}",[0.7807101  0.19246906 0.02682087]
bedge mi mi mi,"{'neg': 0.0, 'neu': 1.0, 'pos': 0.0, 'compound': 0.0}",[0.17938344 0.7011863  0.11943025]
omegalul,"{'neg': 0.0, 'neu': 1.0, 'pos': 0.0, 'compound': 0.0}",[0.23960617 0.59827083 0.16212298]
based,"{'neg': 0.0, 'neu': 1.0, 'pos': 0.0, 'compound': 0.0}",[0.21603832 0.57645446 0.20750716]
drunk,"{'neg': 1.0, 'neu': 0.0, 'pos': 0.0, 'compound': -0.34}",[0.34615538 0.59016836 0.06367625]
old man activity,"{'neg': 0.0, 'neu': 1.0, 'pos': 0.0, 'compound': 0.0}",[0.29460993 0.6376002  0.06778981]
pookie so cute,"{'neg': 0.0, 'neu': 0.378, 'pos': 0.622, 'compound': 0.5095}",[0.00337459 0.04036448 0.956261  ]
bedge,"{'neg': 0.0, 'neu': 1.0, 'pos': 0.0, 'compound': 0.0}",[0.23572512 0.55688846 0.20738639]
honk shooooo,"{'neg': 0.0, 'neu': 1.0, 'pos': 0.0, 'compound': 0.0}",[0.23198946 0.6210779  0.14693263]
remember to subscribe to the channel and drop a like if youre enjoying the pog,"{'neg': 0.111, 'neu': 0.579, 'pos': 0.311, 'compound': 0.5859}",[0.00336524 0.22846419 0.76817054]
lol,"{'neg': 0.0, 'neu': 0.0, 'pos': 1.0, 'compound': 0.4215}",[0.10777361 0.5321322  0.36009416]
bedge nappies,"{'neg': 0.0, 'neu': 1.0, 'pos': 0.0, 'compound': 0.0}",[0.30861396 0.58152413 0.1098619 ]
ahhahahahahhahahahahah,"{'neg': 0.0, 'neu': 1.0, 'pos': 0.0, 'compound': 0.0}",[0.1605315 0.5523959 0.2870726]
w,"{'neg': 0.0, 'neu': 0.0, 'pos': 0.0, 'compound': 0.0}",[0.25118878 0.5385145  0.21029675]
my guy,"{'neg': 0.0, 'neu': 1.0, 'pos': 0.0, 'compound': 0.0}",[0.09196202 0.49747285 0.41056514]
yeah i would be out after that many drinks,"{'neg': 0.0, 'neu': 0.761, 'pos': 0.239, 'compound': 0.296}",[0.2920568  0.6313718  0.07657137]
lushwig,"{'neg': 0.0, 'neu': 1.0, 'pos': 0.0, 'compound': 0.0}",[0.14722885 0.6326174  0.22015378]
bedge,"{'neg': 0.0, 'neu': 1.0, 'pos': 0.0, 'compound': 0.0}",[0.23572512 0.55688846 0.20738639]
aww,"{'neg': 0.0, 'neu': 1.0, 'pos': 0.0, 'compound': 0.0}",[0.28510016 0.5554206  0.15947928]
sleepwig,"{'neg': 0.0, 'neu': 1.0, 'pos': 0.0, 'compound': 0.0}",[0.26832816 0.62510306 0.10656874]
hahahaha,"{'neg': 0.0, 'neu': 1.0, 'pos': 0.0, 'compound': 0.0}",[0.08900724 0.47045016 0.4405426 ]
