gay,r
chicken,n
thigh,n
breast,n
clogs,n
arteries,n
time,n
shaquille,n
oneal,n
dubstep,n
dj,n
red,a
meat,n
good,a
yooooo,n
legend,n
u,n
bowling,n
stream,n
week,n
penguinz,n
watch,n
okis,n
weird,n
storys,n
please,n
super,n
nice,a
see,v
news,n
missouri,n
mom,n
putting,v
baby,n
oven,r
sup,n
charlie,n
loosing,v
sure,n
much,a
longer,r
continue,n
path,n
dissao,n
actually,r
anything,n
devin,n
booker,n
ever,r
crash,n
bandicoot,n
supererrrrrr,a
rigged,v
play,n
dark,n
souls,n
hhvaush,n
horse,n
stuff,n
wwe,n
press,n
conference,n
look,n
mr,n
hands,n
didnt,v
stupid,a
human,n
faulty,a
body,n
landed,v
er,r
moist,a
meter,n
lies,n
p,n
tata,n
byyo,n
yoo,n
wsg,n
penguin,n
backflip,n
heard,v
helldivers,n
watching,v
frieren,n
beyond,n
journeys,n
end,n
k,n
would,v
change,n
life,n
thoughts,n
halftime,n
show,n
still,r
getting,v
ads,n
mid,a
subbed,v
persona,n
reloaded,v
think,v
bowl,n
commercials,n
caught,v
skibidi,n
toilet,n
lore,n
tell,v
gang,n
love,n
luck,n
ur,n
next,a
banger,n
vid,n
yeah,r
happened,v
claw,n
machine,n
missed,v
need,v
take,v
dive,n
cobrajfss,n
mead,n
making,v
hanforth,n
council,n
one,n
jackie,n
weaver,n
coup,n
lol,n
fruit,n
juice,n
tier,n
list,n
deadpool,n
trailer,n
pleease,n
thought,n
hyped,v
abt,n
new,a
release,n
bet,v
youd,n
find,v
fear,n
hunger,n
interesting,a
buy,v
store,n
motorcycle,n
happy,a
basketball,n
bulk,n
eat,v
cooked,a
vegetables,n
seen,v
satire,n
justin,n
bieber,n
chiefs,n
dude,n
slapped,v
ers,n
player,n
earned,v
team,n
penalty,n
feel,n
gamertag,n
astralfrostbitedemondeity,n
worth,n
soup,n
usher,n
make,v
gojo,n
reference,n
somethingaboutchickens,n
video,n
true,a
youre,n
going,v
build,v
alley,n
hq,n
sleep,n
night,n
ball,n
pins,n
spongwbob,n
half,n
tampa,n
wasnt,v
mrcritikal,n
asked,v
gta,n
since,NA
florida,n
got,v
rent,n
trash,n
truck,n
day,n
mike,n
spark,n
favorite,a
home,n
made,v
meal,n
twinsanity,n
ost,n
slaps,v
cancer,n
sucks,v
tho,NA
found,v
thats,NA
wat,NA
died,v
liver,n
lead,v
serosis,n
vs,NA
yard,n
boys,n
school,n
rn,NA
overwatch,n
bs,NA
bru,NA
another,a
mini,a
golf,n
tournament,n
andrew,n
callaghan,n
arrested,v
hey,NA
get,v
chance,n
tweet,n
custom,a
gundam,n
game,n
food,n
dip,n
reviews,n
mint,a
mobile,a
switch,n
handforth,NA
different,a
comic,n
book,n
god,n
taco,n
bell,n
idgaf,NA
doesnt,NA
deserve,v
lifestyle,n
hate,n
labor,n
nothing,n
reward,n
people,n
like,v
live,v
living,n
unfair,a
uncaring,a
alligator,n
snapping,v
turtle,n
exactly,r
isnt,NA
vi,NA
abandoned,v
bring,v
buck,n
shot,n
roulette,n
gm,NA
update,n
gamersupps,n
whered,NA
piece,n
charles,n
alabama,n
cell,n
tower,n
stolen,v
black,a
myth,n
wukong,n
year,n
contender,n
rigging,v
nfl,n
swiftards,n
wallis,n
grommet,n
back,r
iphone,n
fought,v
level,n
boss,n
old,a
runescape,n
scurrious,NA
remember,v
cheese,n
wheel,n
race,n
alex,n
james,n
whatt,NA
hi,NA
vitality,n
first,r
rlcs,NA
loss,n
rats,n
fucking,NA
robbed,v
watched,v
ninja,n
kamui,NA
pf,NA
course,n
spongebob,n
fence,n
mouse,n
pretty,r
lack,n
luster,n
definitely,r
couldnt,NA
compare,v
alot,NA
ones,n
past,n
years,n
steal,v
sell,v
yea,NA
cheifs,n
expert,n
heists,n
damn,NA
mad,a
skillz,NA
bestie,NA
phoenix,n
suns,n
scripted,v
drake,n
curse,n
broken,a
never,r
big,a
gulp,n
geeze,NA
desperate,a
considered,v
building,n
lane,n
warehouse,n
hear,v
helicopter,n
mars,n
man,n
steak,n
sigh,NA
robert,n
mercer,n
yes,NA
thinking,v
local,a
reasturants,n
trucks,n
ill,NA
real,a
quiet,a
really,r
anime,n
shwallow,NA
id,NA
dollar,n
cowcop,NA
wasp,n
behind,NA
oh,NA
shit,NA
creatures,n
doritos,n
cool,a
ranch,n
nacho,n
r,n
give,v
car,n
pls,NA
best,a
supersupps,n
flavor,n
butt,n
fucker,n
hee,NA
kuhmooey,NA
add,v
items,n
comes,v
makes,v
gassy,a
hope,n
genetic,a
cuzz,NA
could,NA
drove,v
pickup,n
ocean,n
gave,v
smile,n
said,v
fault,n
dont,NA
surf,v
key,n
wester,NA
hes,NA
floridian,a
homework,n
route,n
peep,v
prediction,n
saucesav,NA
nba,n
finals,n
teams,n
win,v
twitchyoutube,n
schedule,n
work,n
l,NA
chill,n
tn,NA
championship,n
want,v
physical,a
lean,a
white,a
raw,a
heaps,n
cardio,n
grower,n
shower,n
help,n
ive,NA
jelqed,NA
attacked,v
pansted,NA
mustang,n
ina,NA
street,n
drift,v
everyone,n
ran,v
zoom,NA
ass,n
uk,NA
dead,a
pool,n
adds,v
songs,n
skynut,NA
disney,n
created,v
vr,NA
floor,n
keeps,v
walking,v
place,n
realistic,a
surprised,a
plan,n
hot,a
played,v
well,r
loving,v
sides,n
needed,v
read,v
guy,n
released,v
stabbed,v
days,n
later,r
wear,v
polarized,a
sunglasses,n
crocs,n
water,n
cold,a
ice,n
spice,n
oof,NA
critical,a
recommend,v
jelqing,NA
techniques,n
speed,n
run,v
yikes,NA
hello,n
guys,n
brother,n
peter,n
griffin,n
pecker,n
someone,n
money,n
ask,v
vaush,NA
folder,n
leak,n
snoll,NA
pp,NA
static,a
cause,n
enjoy,v
little,a
footy,n
drakes,NA
leaks,n
opinions,n
rise,v
ronin,NA
looks,n
avergae,NA
thank,v
wdym,NA
massive,a
naw,NA
dong,n
epic,a
moving,v
screen,n
know,v
pose,v
smoked,v
zaza,NA
goat,n
heart,n
warm,a
w,NA
letsgo,NA
omegalul,NA
job,n
shutup,NA
beast,n
hahahahhahahahaha,NA
french,a
wall,n
happs,NA
lool,NA
pal,n
bruh,NA
ez,NA
clap,n
fr,NA
hell,n
gottem,NA
kappa,NA
lmao,NA
evening,n
lud,NA
went,v
grammys,NA
call,v
brick,n
bricked,NA
lmaoo,NA
tall,a
let,v
paint,n
rare,a
moment,n
icant,NA
gun,n
wotttt,NA
monkaw,NA
sounds,n
fun,n
bro,n
blocking,v
celebs,n
huhh,NA
ayo,NA
lookup,n
poor,a
qt,n
pepehands,n
chuggaaconroy,n
drama,n
pain,n
rather,r
wet,a
bg,NA
arent,NA
drenched,v
point,n
wetwig,NA
feelsrainman,NA
fiiiiiine,NA
box,n
cut,v
line,n
two,NA
multiplied,v
talk,v
strat,n
shlatt,NA
wouldnt,NA
allowed,v
socks,n
cutting,v
cringe,n
batchest,NA
lame,a
even,r
america,n
dawg,n
streamer,n
cryptoooooo,n
wow,NA
story,n
telling,v
funny,a
rain,n
poggies,n
sweets,n
drenchedwig,NA
goated,NA
arena,n
ad,NA
moistwig,NA
swipe,n
bidet,n
today,r
httpsswipelive,NA
gigachad,NA
waffle,n
crypto,n
name,n
sound,n
right,r
richhhh,NA
nosebleeds,n
youtube,n
lolll,NA
binoculars,n
awesome,a
wouldve,NA
lulw,NA
better,r
seats,n
artists,n
opera,n
glasses,n
neff,NA
joined,v
otk,NA
crypt,NA
spoilers,n
oook,NA
feelsweirdman,NA
fancy,a
booths,n
chat,n
kilin,NA
must,NA
e,NA
victorian,a
era,n
join,v
official,a
ludwig,NA
discord,n
httpsdiscordggludwig,NA
crazy,a
overlooking,v
poors,NA
gigitty,NA
grrrr,NA
boygenius,n
top,a
yt,NA
peepogiggles,NA
baldurs,NA
gate,n
omg,NA
way,NA
hehe,NA
haha,NA
scammed,v
despairge,NA
bathrooms,n
theyre,NA
shapes,n
fetuses,n
peculiar,a
therr,NA
also,r
lot,NA
short,a
lollll,NA
eepy,NA
okay,NA
doc,NA
great,a
host,n
hasan,NA
charming,v
monologue,n
trevor,NA
noah,NA
laufey,NA
lets,NA
go,v
oooooh,NA
last,a
try,v
challange,NA
yep,NA
pog,NA
matter,n
came,v
pepew,NA
due,a
yesyes,NA
def,NA
spammer,NA
guarantee,n
knew,v
months,n
ago,r
omegalullll,NA
loves,v
op,NA
af,NA
uhm,NA
care,n
yooo,NA
baulders,NA
sza,NA
amazing,a
slayed,v
nah,NA
hiiii,NA
ludwiiig,NA
ludwiig,NA
learnt,v
uni,NA
south,n
african,a
comedian,n
exceptional,a
hiiiiiii,NA
hiiiii,NA
polite,a
overall,a
mhm,NA
queen,n
tough,a
gig,n
shake,v
ok,NA
africa,n
goooo,NA
kinda,NA
fuck,NA
merrel,NA
streep,NA
trever,NA
done,v
music,n
pepog,NA
wooooo,NA
mentioned,v
boring,a
guess,n
saw,v
qlllakakakakskks,NA
pooooooog,NA
x,NA
celebration,n
awards,n
wooo,NA
shout,v
jacob,n
collier,n
ludy,n
download,v
truffle,n
extension,n
emotes,n
predictions,n
httpstrufflevipextension,NA
learn,v
miley,n
cyrus,n
dang,NA
based,NA
clip,n
literally,r
taylor,n
sleeping,v
couch,n
say,v
loud,a
travis,n
snubbed,v
busssssssssssssssssss,NA
pop,n
vocal,a
album,n
scammys,NA
gedraag,NA
ties,n
vz,NA
yipee,NA
lana,n
hmmge,NA
killer,n
cuffed,v
swift,a
winning,v
rerelease,n
snub,n
boom,n
sht,NA
hold,v
mug,n
lmaoooo,NA
wowwowww,NA
tortured,v
poet,n
department,n
eating,v
burber,NA
homeymustarf,NA
blind,a
rip,n
society,n
jungkook,n
ecofascists,n
sipping,v
double,a
whisky,n
ya,NA
early,a
la,NA
jayz,NA
shes,NA
marketing,n
genuis,NA
small,a
indie,n
artist,n
excited,a
poets,n
whaa,NA
dogs,n
tendies,NA
side,n
disapointment,NA
totured,NA
robin,n
williams,n
influence,n
joke,n
lmfao,NA
sift,NA
forgot,v
breaded,v
glutened,v
announcement,n
honestly,r
unnecessary,a
research,n
wowza,NA
mogul,n
mail,n
bros,NA
drunk,a
ttpd,NA
swifties,NA
comin,NA
scott,n
tone,n
deaf,a
zoomers,NA
qts,NA
reaction,n
pogodown,NA
naaa,NA
dangggg,NA
yessir,NA
nominated,v
jay,n
z,NA
dinner,n
crazyy,NA
luddddd,NA
dirty,a
exist,v
always,r
talking,v
whyd,NA
hard,a
eazy,a
mod,NA
honey,n
mustard,n
wrong,a
awkward,a
ye,NA
wss,NA
undrake,NA
cap,NA
trying,v
kanye,n
del,NA
rey,NA
power,n
move,n
victory,n
lap,n
lanas,NA
celine,n
dion,n
deserved,a
exactlyyy,r
odd,a
arrived,v
together,r
needs,n
stop,v
ekto,NA
women,n
support,n
f,NA
embarrased,a
exited,a
playa,NA
belgium,n
meet,v
fuckin,NA
start,v
playing,v
already,r
commercial,a
breaks,n
sadge,NA
long,a
cares,v
theres,NA
million,n
dollars,n
hai,NA
downtime,n
yo,NA
lanna,NA
stage,n
hommies,b
called,v
fool,n
whole,a
lotta,NA
snitches,n
sense,n
victor,n
midwig,NA
many,a
edit,v
messy,a
issues,n
soooo,NA
darkmascoty,NA
cope,v
disrespect,n
celebrities,n
disappointing,a
tbh,NA
seems,v
excessive,a
set,n
room,n
waiting,n
periods,n
wackkk,NA
luddy,NA
cant,v
wait,v
bald,a
horrendous,a
nuts,n
mouth,n
em,NA
monkahmm,NA
bedge,NA
ready,a
greatest,a
villain,n
fans,n
nahhhhhhhhhh,NA
aintnoway,NA
onegalul,NA
thay,NA
trolling,v
honk,n
shoo,v
sleepy,a
lmaoooooooo,NA
technical,a
event,n
sleepwig,NA
snooze,n
fest,n
chatter,n
wut,NA
looool,NA
blame,n
cute,a
quick,a
snooz,NA
xd,NA
drink,n
alone,r
pssh,NA
snoozing,v
minute,n
dale,n
asf,NA
lmaooooo,NA
mimimij,NA
nooo,NA
badge,n
peepocute,NA
boy,n
swities,n
duuuude,n
loool,NA
zzzwig,NA
goddamn,NA
iconic,a
dubbin,NA
hoeless,NA
solo,a
gummy,a
mi,NA
activity,n
pookie,NA
shooooo,NA
subscribe,v
channel,n
drop,v
enjoying,v
nappies,NA
ahhahahahahhahahahahah,NA
drinks,n
lushwig,NA
aww,NA
hahahaha,NA